pltID,LAT,LON
3_48_113_91,32.580609,-96.979247
3_48_15_53,29.995342,-96.295718
4_48_239_82,29.055686,-96.758308
5_48_29_85,29.312842,-98.353339
3_48_181_63,33.73243,-96.582114
2_22_97_109,30.530733,-92.419708
2_22_9_89,31.096807,-92.107634
3_22_11_118,30.405627,-93.719541
3_22_11_49,30.714887,-93.0225
3_22_39_15,30.748883,-92.466757
3_22_39_18,30.756927,-92.311736
3_22_39_71,30.537948,-92.565326
3_22_3_56,30.493403,-92.875776
3_22_3_73,30.493704,-92.717205
3_22_3_87,30.452627,-93.116962
4_22_103_98,30.493647,-90.049076
4_22_63_55,30.538668,-90.751006
4_22_91_43,30.756783,-90.807309
5_22_119_21,32.881704,-93.298361
5_22_119_45,32.62097,-93.404262
5_22_21_48,32.192446,-92.117856
6_40_45_107,35.892276,-99.71292
3_48_175_82,28.687655,-97.600931
3_48_177_102,29.509474,-97.432111
4_48_157_56,29.526706,-95.506443
4_48_157_57,29.722859,-95.736922
4_48_39_155,29.017366,-95.759582
4_48_39_22,29.30925,-95.279053
4_48_39_24,29.178655,-95.718833
5_48_325_116,29.226067,-98.850746
5_48_35_81,32.012236,-97.613965
5_48_99_51,31.381639,-97.596912
2_22_45_106,30.103823,-91.715553
2_22_77_58,30.586719,-91.701771
2_22_99_9,30.27535,-91.709903
4_22_105_66,30.578,-90.448644
4_22_33_32,30.625368,-91.102044
4_22_33_39,30.531275,-91.053745
4_22_37_13,30.889062,-91.007975
5_22_111_95,32.747553,-92.221085
3_48_113_78,32.691215,-96.872704
3_48_331_62,30.864666,-96.992667
3_48_41_17,30.848232,-96.322272
3_48_85_5,33.27231,-96.604603
4_48_39_57,29.294697,-95.67131
4_48_469_80,28.864518,-97.071124
4_48_481_106,29.270698,-96.492896
6_48_235_44,31.239573,-100.812347
6_48_451_96,31.581386,-100.50689
3_37_3_11,36.022168,-81.15698
1_48_185_6,30.242159,-95.960436
1_48_199_83,30.282516,-94.549321
1_48_201_203,29.835276,-95.62988
1_48_225_159,31.309991,-95.227419
1_48_291_102,30.378836,-94.94816
1_48_291_24,30.334172,-94.692745
1_48_291_32,30.291649,-95.112169
1_48_291_98,30.249268,-94.852554
1_48_339_105,30.204327,-95.1494
1_48_339_45,30.199414,-95.592836
1_48_339_64,30.228298,-95.700247
1_48_339_97,30.189678,-95.197028
1_48_473_38,30.19244,-95.811789
2_48_183_28,32.425181,-94.966983
2_48_365_86,32.117997,-94.399428
2_48_365_94,31.985285,-94.138513
2_48_419_10,31.893739,-94.154164
2_48_419_44,31.723964,-94.368222
3_48_21_64,30.094782,-97.123603
3_48_285_30,29.135738,-96.925578
4_48_39_15,29.413009,-95.357854
4_48_39_4,28.95501,-95.439866
5_48_309_38,31.495193,-97.243815
2_1_23_75,31.982526,-88.414859
3_1_5_25,31.75681,-85.60177
5_1_127_40,33.713478,-87.252439
1_21_195_31,37.308277,-82.436427
1_21_195_54,37.386147,-82.399651
1_21_195_69,37.465495,-82.367556
1_21_95_1,36.849475,-83.26341
1_21_95_22,36.775078,-83.151672
1_21_95_23,36.776831,-83.474111
2_21_135_40,38.557262,-83.479071
3_21_235_3,36.743385,-83.972234
4_21_79_20,37.697945,-84.489479
5_21_123_30,37.50237,-85.55569
5_21_169_17,36.836348,-85.616604
5_21_207_9,36.931263,-84.961353
5_21_29_11,38.004355,-85.791136
6_21_177_30,37.338424,-87.139658
2_22_109_225,29.499477,-90.56344
2_22_97_6,30.538177,-92.069516
2_22_99_20,29.749727,-91.16445
2_22_99_35,30.100522,-91.607085
2_22_99_50,30.230874,-91.716538
3_22_11_66,30.706353,-93.125515
3_22_19_44,30.276063,-93.610936
3_22_3_17,30.4683,-92.925953
3_22_3_19,30.888229,-92.673952
3_22_3_46,30.579714,-92.764911
3_22_3_48,30.664487,-92.617384
3_22_3_9,30.669253,-92.917774
3_22_53_28,30.3143,-93.024082
3_22_69_1,31.623402,-93.077501
3_22_79_91,31.232496,-92.465208
4_22_33_30,30.57488,-91.204507
4_22_63_33,30.517742,-90.729978
4_22_91_8,30.841095,-90.653324
5_22_17_15,32.319998,-93.861345
5_22_21_25,32.015953,-92.268734
4_28_47_130,30.535194,-89.04819
3_37_45_30,35.477994,-81.53561
3_47_111_28,36.537102,-85.896559
3_47_159_27,36.221475,-85.841902
3_47_15_26,35.951827,-86.114178
3_47_169_11,36.352421,-86.170771
3_47_3_41,35.421309,-86.295403
3_47_55_58,35.204811,-87.18754
3_47_87_34,36.256767,-85.580977
3_47_87_35,36.372382,-85.644365
4_47_133_39,36.250698,-85.245383
4_47_133_43,36.529644,-85.274099
4_47_13_52,36.325016,-84.123506
4_47_13_53,36.24444,-84.182938
4_47_141_35,36.073047,-85.64097
4_47_151_45,36.455536,-84.550768
5_47_105_25,35.767196,-84.342217
5_47_173_24,36.242303,-83.856059
5_47_179_28,36.291263,-82.500729
5_47_25_2,36.540648,-83.881241
5_47_57_32,36.371684,-83.487028
5_47_59_68,36.319155,-82.751447
5_47_93_43,36.09096,-83.756353
1_48_185_69,30.742032,-95.984298
1_48_199_15,30.371726,-94.183559
1_48_199_19,30.246576,-94.132844
1_48_199_48,30.198281,-94.584928
1_48_199_64,30.152937,-94.285073
1_48_199_78,30.150215,-94.441024
1_48_201_113,29.765775,-95.655632
1_48_201_141,30.073636,-95.56234
1_48_201_166,29.589709,-95.153714
1_48_201_72,29.850055,-94.953583
1_48_225_111,31.373344,-95.303865
1_48_241_101,30.656176,-93.888167
1_48_241_112,30.479725,-94.079875
1_48_241_113,30.737101,-93.883933
1_48_241_66,30.973975,-94.217604
1_48_241_81,30.410377,-94.105613
1_48_245_28,30.018255,-94.04219
1_48_245_81,29.756434,-94.24344
1_48_289_79,31.324644,-96.257984
1_48_291_37,29.93185,-94.643934
1_48_291_51,30.416399,-94.745613
1_48_291_57,29.935515,-94.748967
1_48_291_93,30.24531,-94.690412
1_48_339_28,30.143976,-95.705848
1_48_351_109,30.761242,-93.736325
1_48_351_11,30.285865,-93.705955
1_48_351_32,30.939804,-93.564322
1_48_351_45,30.769589,-93.61615
1_48_351_74,30.281511,-93.868148
1_48_351_76,30.417878,-93.81283
1_48_351_95,30.988042,-93.658315
1_48_361_21,30.041869,-93.770382
1_48_361_3,30.109703,-94.050011
1_48_361_38,30.196262,-93.737928
1_48_373_20,30.735005,-94.74432
1_48_373_22,31.111276,-94.791815
1_48_373_41,30.894263,-94.686451
1_48_455_68,31.018078,-95.046936
1_48_457_12,30.775471,-94.438404
1_48_457_73,30.804195,-94.278456
1_48_457_74,30.639201,-94.186547
1_48_471_77,30.873824,-95.536076
1_48_473_19,30.193174,-95.958453
1_48_5_13,31.333832,-94.82855
1_48_5_51,31.29083,-94.58478
1_48_71_42,29.812512,-94.645037
1_48_71_8,29.809082,-94.524589
2_48_1_88,31.725460000000002,-95.593413
2_48_365_66,32.067925,-94.197243
2_48_73_4,32.113261,-95.340403
4_48_157_8,29.515395,-95.449025
4_48_391_47,28.422206,-97.19246
5_48_29_9,29.258244,-98.4705
1_17_151_10234,37.540283,-88.688585
2_18_143_20048,38.632516,-85.656265
2_24_21_643,39.526591,-77.405562
2_24_43_842,39.619121,-77.858258
2_24_5_837,39.405251,-76.795001
4_26_81_20150,42.896979,-85.638741
3_29_131_20002,38.422539,-92.47482
8_36_119_2158,41.062061,-73.743787
8_36_27_2577,41.604426,-73.911625
8_36_27_5833,41.516719,-73.775892
8_36_59_1414,40.74091,-73.593405
3_39_119_2432,39.884659,-81.915935
3_39_119_3002,39.788689,-81.870826
3_39_59_2925,40.11578,-81.474702
5_39_89_3572,40.141283,-82.459453
0_42_61_4762,40.419588,-78.094317
5_42_3_6034,40.512811,-80.070226
5_42_7_4271,40.632857,-80.159436
8_42_79_3459,41.251299,-75.829763
9_42_133_4434,40.105848,-76.735673
9_42_71_5901,39.97352,-76.108383
2_54_93_6194,39.126345,-79.690501
3_54_109_814,37.764224,-81.596101
3_54_45_242,37.726438,-81.942451
3_54_5_1617,37.991941,-81.483491
3_54_5_371,38.072113,-81.92815
3_54_5_421,38.088926,-81.563322
3_54_5_634,38.002492,-81.798759
4_54_29_1456,40.515472,-80.562198
4_54_85_472,39.055904,-81.135501
4_54_99_274,38.162396,-82.535334
1_1_3_8,30.526303,-87.599603
1_1_97_10,31.084263,-88.050477
3_1_85_53,32.157469,-86.730346
5_1_117_80,33.24442,-86.652454
1_21_131_14,37.079265,-83.324639
1_21_133_32,37.239084,-82.639834
1_21_195_45,37.616988,-82.306095
1_21_195_67,37.472797,-82.391156
2_21_115_7,37.935374,-82.959607
2_21_127_10,38.007642,-82.769617
3_21_13_21,36.646963,-83.798072
6_21_171_3,36.62642,-85.828793
1_22_29_72,31.671158,-91.548805
1_22_41_18,32.055287,-91.658349
1_22_67_30,32.801471,-92.010705
2_22_101_46,29.883853,-91.409944
2_22_109_221,29.372544,-90.794511
2_22_113_119,29.651535,-92.250021
2_22_125_8,30.748265,-91.304147
2_22_1_19,30.365633,-92.564347
2_22_1_20,30.450618,-92.362267
2_22_1_32,30.102886,-92.465655
2_22_1_43,30.275523,-92.262953
2_22_1_69,30.318724,-92.513228
2_22_1_8,30.357168,-92.51802
2_22_45_49,30.008913,-91.510858
2_22_45_92,30.0076,-91.61099
2_22_57_10,29.713842,-90.759143
2_22_7_20,29.681409,-91.04676
2_22_97_102,30.490944,-92.466465
2_22_97_105,30.662104,-92.113356
2_22_97_34,30.408078,-92.109482
2_22_97_94,30.837865,-92.074309
2_22_99_33,30.231975,-91.911419
2_22_9_9,31.098195,-92.210335
2_22_9_92,30.93128,-91.909047
3_22_115_150,31.318356,-92.926627
3_22_115_62,31.147089,-93.32913
3_22_115_63,31.321333,-92.978786
3_22_11_10,30.620244,-93.016958
3_22_11_107,30.795694,-93.373058
3_22_11_120,30.84051,-93.080607
3_22_11_17,30.818298,-93.418403
3_22_11_27,30.404583,-93.37585
3_22_11_57,30.540907,-93.220426
3_22_11_6,30.753002,-93.432646
3_22_11_74,30.800625,-93.581734
3_22_11_80,30.511714,-93.147829
3_22_19_114,30.238202,-93.667022
3_22_19_14,30.365764,-93.115864
3_22_19_29,30.234915,-93.702366
3_22_19_49,30.323475,-93.524418
3_22_19_69,30.363823,-93.270747
3_22_19_70,30.283073,-93.415957
3_22_19_71,30.276463,-93.109168
3_22_19_74,30.273194,-93.062772
3_22_39_32,30.488701,-92.517798
3_22_39_33,30.621729,-92.21155
3_22_39_37,30.865222,-92.587306
3_22_39_48,30.711886,-92.515542
3_22_3_39,30.582788,-92.875663
3_22_3_57,30.454447,-93.026414
3_22_3_67,30.838319,-92.768106
3_22_3_84,30.698089,-92.664284
3_22_53_17,30.40969,-92.819221
3_22_53_18,30.359802,-93.014989
3_22_85_37,31.583626,-93.481727
4_22_103_60,30.316815,-89.753744
4_22_103_67,30.488958,-89.949987
4_22_105_27,30.64353,-90.413145
4_22_105_33,30.757163,-90.449131
4_22_105_37,30.493837,-90.551415
4_22_105_45,30.576436,-90.500938
4_22_105_89,30.49553,-90.51026
4_22_117_14,30.92812,-90.297996
4_22_117_47,30.90495,-90.219295
4_22_117_68,30.754142,-90.250597
4_22_33_18,30.714807,-90.894563
4_22_33_38,30.362103,-91.209998
4_22_33_50,30.710825,-90.865094
4_22_37_23,30.800203,-91.006205
4_22_37_8,30.975352,-90.851091
4_22_63_1,30.494736,-90.804226
4_22_63_15,30.582664,-90.806633
4_22_63_18,30.498847,-90.657341
4_22_63_21,30.278873,-90.761217
4_22_63_32,30.316962,-90.761595
4_22_63_43,30.40255,-90.708393
4_22_63_57,30.445606,-90.756035
4_22_91_14,30.710467,-90.752036
4_22_91_17,30.671544,-90.653641
5_22_111_59,32.893073,-92.114701
5_22_15_13,32.586677,-93.65652
5_22_31_66,32.016225,-93.906008
5_22_61_2,32.67221,-92.688397
5_22_61_34,32.532571,-92.47731
5_22_81_9,32.099389,-93.241213
4_28_73_24,31.118052,-89.388858
5_28_85_40,31.374368,-90.56389
3_37_159_22,35.616737,-80.693421
3_37_197_29,36.24158,-80.750855
3_37_97_106,35.857498,-80.774992
3_37_97_26,36.046132,-80.960292
1_47_131_53,36.268478,-89.371943
2_47_71_68,35.384076,-88.105661
3_47_103_77,35.208376,-86.81676
3_47_111_1,36.626224,-86.137553
3_47_111_37,36.572251,-86.165814
3_47_15_32,35.866367,-86.120844
3_47_41_29,36.075655,-85.792266
3_47_55_71,35.128534,-86.85078
3_47_87_1,36.370602,-85.814325
4_47_141_47,36.172278,-85.68289
4_47_177_1,35.665506,-85.920804
4_47_177_36,35.685432,-85.643871
4_47_185_16,35.996465,-85.315997
5_47_29_73,35.890811,-83.012965
5_47_59_80,36.31219,-82.690105
1_48_199_6,30.415687,-94.192579
1_48_199_71,30.508195,-94.189083
1_48_199_96,30.269324,-94.114749
1_48_201_151,29.951097,-95.118656
1_48_201_157,29.932009,-95.004845
1_48_201_186,29.813347,-95.604846
1_48_201_25,29.71716,-94.953779
1_48_201_88,29.988655,-95.304638
1_48_201_97,29.936051,-95.696081
1_48_241_100,30.552516,-93.920403
1_48_241_30,30.282449,-93.976559
1_48_241_32,30.322276,-93.920589
1_48_241_33,30.50563,-94.027231
1_48_241_61,30.613687,-93.892843
1_48_241_89,30.364647,-94.082142
1_48_241_99,30.324421,-93.970636
1_48_245_1,29.885412,-94.039674
1_48_245_73,30.106067,-94.289329
1_48_245_74,29.932489,-94.344911
1_48_245_87,30.023959,-94.139027
1_48_289_89,31.324253,-95.70531
1_48_291_101,29.893815,-94.746889
1_48_291_106,30.114715,-94.853755
1_48_291_111,30.15157,-94.816277
1_48_291_120,29.893109,-94.603417
1_48_291_69,30.068887,-94.605879
1_48_291_74,30.338459,-94.945765
1_48_313_1,30.909005,-96.186874
1_48_351_5,30.768018,-93.711834
1_48_361_1,30.064647,-93.887815
1_48_361_25,30.24069,-93.988677
1_48_361_41,30.147907,-93.987701
1_48_361_8,30.193541,-93.994621
1_48_407_69,30.502085,-95.040064
1_48_457_70,30.901364,-94.226027
1_48_457_90,30.585853,-94.182918
1_48_473_15,30.154566,-95.804223
1_48_5_10,31.194763,-94.327291
1_48_5_5,31.215215,-94.854626
1_48_71_21,29.852503,-94.648168
1_48_71_23,29.745077,-94.904588
1_48_71_68,29.78896,-94.9106
1_48_71_7,29.665196,-94.914514
2_48_315_26,32.768663,-94.481147000000007
2_48_347_13,31.499768,-94.359201
2_48_347_7,31.717123,-94.623927
2_48_365_39,31.985076,-94.100952
2_48_365_45,32.120068,-94.503167
2_48_365_85,31.994074,-94.406937
2_48_419_27,31.672029,-94.21366
2_48_73_21,31.682729,-95.027087
2_48_73_56,32.03017,-95.233574
3_48_231_2,33.274176,-96.078062
3_48_285_14,29.284209,-96.847714
4_48_167_12,29.352074000000002,-95.042122
4_48_321_13,28.977014,-95.797289
4_48_39_99,28.897336,-95.561329
1_9_1_154,41.158096,-73.123865
1_18_101_20074,38.662749,-86.890301
2_18_19_20086,38.42937,-85.626834
2_18_37_20028,38.384362,-86.741122
3_18_47_20062,39.396151,-84.847557
4_18_91_20058,41.668723,-86.799499
2_24_21_310,39.555544,-77.515
2_24_31_1403,39.186704,-77.353164
2_24_43_1715,39.463189,-77.769608
8_36_71_1361,41.370835,-74.344795
1_39_131_1634,39.090623,-82.926774
1_39_131_4042,39.050944,-83.309699
1_39_79_1895,38.925197,-82.651739
1_39_79_3519,39.066299,-82.755213
1_39_87_1922,38.511121,-82.401019
2_39_115_3461,39.749855,-81.762163
2_39_127_5836,39.775218,-82.121547
2_39_167_3299,39.497249,-81.439925
2_39_167_4187,39.421496,-81.473459
2_39_9_2650,39.307841,-81.84486
3_39_111_4605,39.792332,-80.905217
3_39_119_1553,40.154791,-82.054619
3_39_119_1793,40.134168,-81.775691
3_39_67_3590,40.257784,-81.065769
3_39_67_4744,40.314907,-81.201114
0_42_55_4874,39.952112,-77.791333
0_42_99_5240,40.30395,-77.606982
5_42_129_4986,40.544662,-79.721494
7_42_51_4968,39.982315,-79.828695
8_42_103_3713,41.363448,-74.713194
8_42_93_5112,40.965571,-76.551853
9_42_11_5441,40.30177,-75.886432
9_42_133_4260,40.172573,-76.864792
9_42_133_4555,40.112186,-76.912325
2_54_37_213,39.341667,-77.81514
2_54_57_1243,39.359102,-78.828182
2_54_65_623,39.684274,-78.187092
3_54_109_328,37.632354,-81.621663
3_54_39_2173,38.110591,-81.399909
3_54_45_1487,37.875259,-81.997589
3_54_47_1032,37.455144,-81.737848
3_54_55_961,37.471847,-81.278094
3_54_5_117,37.792289,-81.554477
3_54_89_714,37.584427,-80.934745
4_54_73_630,39.450337,-81.089785
1_1_3_11,31.107329,-87.835514
1_1_3_141,30.498644,-87.904506
1_1_53_107,31.048285,-87.122925
1_1_53_56,31.162546,-87.107126
2_1_131_40,32.112218,-87.344864
2_1_131_59,31.857038,-87.551923
2_1_25_140,31.568373,-87.670874
2_1_25_82,31.764932,-87.748164
2_1_25_99,31.64749,-87.80234
2_1_35_62,31.324633,-87.347925
3_1_1_26,32.382609,-86.681489
3_1_1_8,32.426616,-86.639837
3_1_31_30,31.574876,-85.918276
3_1_41_24,31.918121,-86.387349
3_1_47_116,32.30065,-86.839123
3_1_47_28,32.424174,-86.968396
3_1_61_40,31.16258,-85.754181
3_1_85_48,32.327787,-86.528274
4_1_125_65,33.115198,-87.604112
4_1_63_24,32.59372,-87.762942
4_1_63_4,32.65001,-87.886288
5_1_121_9,33.492955,-85.985786
2_12_33_101,30.379593,-87.370881
2_12_33_6,30.772782,-87.369939
2_12_39_30,30.591684,-84.394475
3_12_105_95,28.028543,-81.648773
1_21_195_66,37.527923,-82.016176
1_21_95_28,36.796999,-83.4229
1_21_95_41,36.807829,-83.265521
2_21_19_18,38.266435,-82.782983
3_21_13_16,36.73209,-83.605639
3_21_13_5,36.888543,-83.548806
4_21_151_23,37.615142,-84.142656
4_21_187_17,38.583184,-85.033857
5_21_163_28,38.162116,-86.318701
5_21_1_30,37.107474,-85.178132
5_21_231_37,36.722662,-85.010597
6_21_31_30,37.159496,-86.705145
6_21_31_8,37.231272,-86.686165
6_21_3_16,36.856504,-86.217319
7_21_75_6,36.511206,-89.255257
1_22_83_44,32.458413,-91.503099
2_22_101_83,29.80017,-91.660246
2_22_101_98,29.620081,-91.420674
2_22_45_67,29.923399,-91.915522
2_22_47_68,30.363357,-91.3567
2_22_51_41,29.73234,-90.137257
2_22_57_143,29.733314,-90.703039
2_22_57_156,29.666643,-90.322417
2_22_77_39,30.70798,-91.706882
2_22_7_28,29.926919,-90.918176
2_22_7_29,29.878725,-91.060783
2_22_89_41,29.973539,-90.472964
2_22_95_34,30.103032,-90.465614
2_22_97_83,30.499003,-92.312524
2_22_99_67,30.181755,-91.657115
2_22_9_93,31.231149,-91.958755
3_22_11_76,30.581608,-93.674173
3_22_19_102,30.374253,-93.740209
3_22_19_103,30.101888,-93.264462
3_22_19_109,30.362878,-93.568893
3_22_19_94,30.140594,-93.672533
3_22_39_53,30.626067,-92.562982
3_22_39_60,30.6623,-92.511827
3_22_39_61,30.498761,-92.621198
3_22_39_66,30.735152,-92.388716
3_22_39_68,30.799274,-92.513661
3_22_53_67,30.405997,-92.622882
3_22_79_144,30.975953,-92.715155
4_22_103_125,30.361571,-89.951023
4_22_103_89,30.319726,-89.708055
4_22_105_58,30.674192,-90.296505
4_22_105_65,30.714508,-90.547593
4_22_105_68,30.881714,-90.345604
4_22_105_69,30.489324,-90.356251
4_22_105_80,30.792987,-90.545121
4_22_105_81,30.535766,-90.305286
4_22_117_62,30.711528,-89.843808
4_22_117_75,30.7535,-90.000653
4_22_37_35,30.890214,-90.901168
4_22_63_53,30.586414,-90.701678
4_22_63_56,30.491003,-90.749884
4_22_63_61,30.626777,-90.858947
4_22_63_65,30.445016,-90.906165
4_22_91_19,30.795884,-90.757542
4_22_91_25,30.976467,-90.750792
4_22_91_3,30.97285,-90.700115
4_22_91_34,30.794807,-90.704298
5_22_15_64,32.578814,-93.455035
5_22_27_12,32.79763,-93.055334
1_28_51_63,33.34788,-90.24467
2_28_15_53,33.646406,-89.914715
3_28_121_10,32.359109,-89.96857
3_28_121_23,32.312724,-90.03231
3_28_127_47,31.795302,-89.850927
3_28_127_55,31.882963,-89.703925
4_28_109_47,30.551862,-89.685083
4_28_153_17,31.767044,-88.595268
4_28_35_29,31.390392,-89.298639
5_28_157_31,31.066242,-91.363306
5_28_49_77,32.317702,-90.273
5_28_85_11,31.637339,-90.465487
5_28_89_82,32.815932,-90.006006
1_37_101_120,35.484926,-78.389783
1_37_105_8,35.477791,-79.061902
1_37_133_25,34.932917,-77.594866
1_37_163_47,35.109688,-78.428232
3_37_149_9,35.220226,-82.281318
3_37_167_4,35.245704,-80.40009
3_37_169_50,36.48008,-80.275471
3_37_171_94,36.396526,-80.818811
4_37_193_72,36.089354,-81.128411
4_37_193_80,36.256063,-81.198253
4_37_23_32,35.609101,-81.809474
4_37_27_30,35.945494,-81.50564
2_45_85_90,33.965158,-80.546814
3_45_81_36,34.039164,-81.876929
1_47_131_62,36.34895,-89.329835
1_47_167_13,35.471898,-89.526002
1_47_79_69,36.483784,-88.342097
2_47_161_59,36.570085,-87.88604
2_47_71_79,35.013645,-88.105748
3_47_103_25,35.207616,-86.777107
3_47_103_72,35.202759,-86.504465
3_47_189_62,36.003348,-86.066399
3_47_37_63,36.306332,-86.868036
3_47_41_1,36.015252,-85.750797
3_47_41_34,36.078224,-85.741003
3_47_41_35,35.950267,-85.798369
3_47_41_38,35.99266,-85.891523
3_47_55_75,35.209282,-86.976677
3_47_55_80,35.041333,-87.195013
3_47_55_84,35.289524,-87.103682
3_47_87_37,36.350232,-85.630511
4_47_175_35,35.554915,-85.472166
4_47_35_88,35.864431,-85.200211
5_47_1_10,36.15764,-84.38966
5_47_25_17,36.563868,-83.453431
5_47_57_1,36.165889,-83.619061
5_47_89_6,36.019358,-83.553753
5_47_93_63,35.968036,-83.771065
1_48_199_20,30.286017,-94.139063
1_48_199_27,30.415218,-94.592957
1_48_199_39,30.197695,-94.191612
1_48_201_140,30.078585,-95.109818
1_48_201_178,29.800926,-95.711526
1_48_201_30,29.708186,-95.324557
1_48_201_31,30.073089,-95.660154
1_48_201_64,29.898242,-95.15424
1_48_201_90,30.02615,-95.098356
1_48_225_119,31.512623,-95.455295
1_48_241_107,30.251215,-93.951885
1_48_241_109,30.699493,-94.12078
1_48_241_18,30.550532,-94.026716
1_48_241_35,30.325902,-94.081627
1_48_241_49,30.386457,-94.054288
1_48_245_110,29.934303,-93.882438
1_48_245_53,30.163831,-94.140942
1_48_291_103,30.028588,-94.545959
1_48_291_105,30.025865,-94.695243
1_48_291_108,30.201099,-94.949646
1_48_291_114,30.163686,-94.649038
1_48_291_122,30.161718,-94.7997
1_48_291_123,30.067955,-94.692136
1_48_291_128,29.891344,-94.854221
1_48_291_16,30.382945,-95.054957
1_48_291_76,30.379472,-94.70122
1_48_291_78,30.290141,-95.048797
1_48_291_87,30.318119,-94.766534
1_48_339_10,30.193848,-95.254325
1_48_339_100,30.144252,-95.199702
1_48_339_103,30.233825,-95.55783
1_48_339_120,30.096389,-95.398478
1_48_339_34,30.147629,-95.648651
1_48_339_52,30.320475,-95.29915
1_48_351_112,30.541773,-93.863387
1_48_351_72,30.590294,-93.714936
1_48_361_16,30.232807,-94.09691
1_48_361_22,30.14995,-94.090788
1_48_361_27,30.111494,-93.848216
1_48_361_35,30.058071,-93.987514
1_48_361_5,30.242183,-93.805741
1_48_373_105,31.031506,-94.73832
1_48_407_28,30.545864,-94.992405
1_48_455_62,31.331644,-94.949936
1_48_455_63,30.889075,-95.341849
1_48_457_28,30.635944,-94.123265
1_48_457_7,30.848462,-94.226398
1_48_473_62,30.077916,-96.071295
1_48_5_20,31.152119,-94.678406
1_48_5_36,31.380414,-94.52817
1_48_5_4,31.17048,-94.826393
1_48_5_72,31.288546,-94.533291
2_48_347_50,31.542971,-94.873465
2_48_347_78,31.593675,-94.472134
2_48_347_88,31.829258,-94.534739
2_48_419_74,31.843157,-94.263164
2_48_73_19,31.708385,-94.999517
3_48_149_81,29.814468,-97.2613
4_48_39_130,28.952922,-95.375831
4_48_39_5,29.181516,-95.479219
1_9_1_335,41.186316,-73.420492
2_18_123_22030,38.218798,-86.579187
2_18_25_20005,38.144772,-86.455676
4_18_81_20086,39.611895,-86.013673
4_18_85_20155,41.312654,-85.654178
2_24_13_412,39.445659,-76.908717
2_24_3_1509,38.951612,-76.514789
2_24_43_821,39.656318,-77.741369
8_36_119_218,40.957683,-73.759951
8_36_27_3625,41.959597,-73.80046
8_36_85_1295,40.80934,-73.550303
1_39_131_2377,39.026239,-83.235872
1_39_53_1131,38.97411,-82.195785
1_39_71_3293,39.081209,-83.38608
1_39_87_4349,38.535658,-82.520356
2_39_115_3197,39.738175,-81.781398
2_39_167_1390,39.470655,-81.378618
2_39_9_2694,39.426222,-81.91534
3_39_111_5460,39.640207,-80.882191
3_39_121_3388,39.744243,-81.435788
3_39_31_1154,40.254476,-81.773408
3_39_59_4812,40.034845,-81.296706
3_39_81_3382,40.447231,-80.777316
3_39_81_5264,40.348569,-80.865096
5_39_61_4194,39.100535,-84.371097
0_42_55_1584,39.81926,-77.76009
5_42_125_5306,40.237236,-80.180179
5_42_125_922,40.15654,-80.33186
7_42_13_3521,40.518983,-78.181951
7_42_51_5140,40.037508,-79.634158
9_42_11_5003,40.444945,-75.97571
9_42_1_1854,39.95018,-77.25402
9_42_1_4895,39.789354,-77.392007
2_54_1_1093,38.972498,-79.997201
2_54_33_2308,39.331859,-80.274238
2_54_3_550,39.463367,-78.040842
2_54_7_1890,38.728149,-80.906038
3_54_15_1928,38.347148,-81.155667
3_54_19_1382,38.168233,-81.20327
3_54_39_456,38.271075,-81.279055
3_54_39_791,38.47753,-81.523866
3_54_45_1949,37.81519,-81.703047
3_54_5_1770,37.976187,-81.907266
3_54_5_187,38.11854,-81.94933
3_54_63_385,37.52006,-80.387213
3_54_67_2152,38.230945,-81.121932
3_54_81_1195,37.586295,-81.293656
4_54_103_2220,39.576228,-80.554147
4_54_43_1273,38.306581,-82.066395
4_54_43_368,38.213176,-82.129669
4_54_49_715,39.413135,-80.063852
4_54_73_960,39.353725,-81.255083
1_1_3_3,30.624574,-87.811685
1_1_53_83,31.060773,-87.518819
1_1_97_131,30.722844,-88.206364
1_1_97_38,30.545338,-88.260041
1_1_97_69,30.997222,-88.260592
2_1_119_3,32.599785,-87.903219000000007
2_1_99_43,31.582735,-87.359221
3_1_101_44,32.251952,-86.383056
3_1_47_62,32.381035,-86.92963
3_1_51_32,32.51261,-86.294585
3_1_87_22,32.254294,-85.82688
5_1_127_64,33.797558,-87.146917
6_1_71_72,34.9658,-86.21007
6_1_95_30,34.225397,-86.280786
3_5_133_52,34.009439,-94.246987
3_5_133_60,33.797695,-94.152022
5_5_101_83,36.084103,-93.092088
5_5_7_94,36.274958,-94.097946
5_5_87_88,35.798622,-93.644237
1_12_107_7,29.392547,-81.51973
1_12_23_19,29.941799,-82.629856
1_12_23_50,30.152625,-82.71219
1_12_89_9,30.700814,-81.911315
2_12_133_29,30.744111,-85.511025
3_12_117_21,28.761866,-81.338454
3_12_69_60,28.533509,-81.849866
3_12_95_30,28.590292,-81.259856
1_13_167_33,32.673369,-82.758822
1_13_175_55,32.232832,-82.985651
1_13_271_42,31.904725,-82.956338
1_13_279_27,32.028089,-82.419478
1_13_91_55,32.176581,-83.258523
2_13_277_30,31.445655,-83.561911
2_13_321_32,31.486518,-83.853516
2_13_71_79,31.197448,-83.781932
2_13_71_80,31.279339,-83.90582
3_13_163_11,33.002708,-82.361933
3_13_177_32,31.771218,-84.031118
3_13_177_43,31.660322,-84.284168
3_13_211_19,33.587449,-83.485889
3_13_211_3,33.601294,-83.449234
3_13_211_32,33.588011,-83.48826
3_13_289_1,32.533354,-83.415061
3_13_319_26,32.823808,-82.992353
4_13_113_13,33.420861,-84.490798
4_13_221_46,33.867859,-83.219398
1_21_159_15,37.790407,-82.598241
1_21_95_18,36.758899,-83.409992
1_21_95_5,36.925761,-83.245319
3_21_13_34,36.60693,-83.792194
3_21_13_37,36.677318,-83.750239
3_21_147_43,36.604641,-84.415745
3_21_235_46,36.601227,-83.942009
4_21_151_46,37.838438,-84.35664
4_21_37_5,39.002589,-84.355219
5_21_169_44,36.914648,-85.546538
5_21_199_16,37.140224,-84.656139
5_21_57_4,36.746357,-85.443987
6_21_149_14,37.62864,-87.435399
6_21_171_1,36.674129,-85.844031
6_21_9_43,36.974091,-85.826247
1_22_25_49,31.845015,-91.657724
1_22_25_50,31.756823,-91.552613
1_22_83_52,32.412592,-91.75121
2_22_101_112,29.734725,-91.442637
2_22_1_56,30.19201,-92.416674
2_22_1_65,30.268462,-92.511781
2_22_45_113,29.97542,-91.451269
2_22_47_65,30.365955,-91.611475
2_22_55_23,30.138518,-91.963644
2_22_57_125,29.441983,-90.326103
2_22_5_30,30.188853,-90.656566
2_22_87_169,29.937866,-89.911949
2_22_93_16,30.057883,-90.708321
2_22_97_68,30.45018,-91.764888
2_22_99_76,30.275337,-91.913309
2_22_99_77,30.122601,-91.687096
2_22_99_81,29.836719,-91.365602
2_22_9_85,31.274501,-92.218478
2_22_9_96,31.055227,-92.012822
3_22_115_128,31.14274,-93.27909
3_22_11_119,30.409243,-93.565757
3_22_11_77,30.537696,-93.717178
3_22_11_83,30.747505,-93.078571
3_22_11_98,30.494242,-93.529575
3_22_39_54,30.756287,-92.516428
3_22_3_64,30.65496,-92.81991
3_22_3_69,30.539787,-92.71225
3_22_3_77,30.800701,-92.819402
3_22_3_81,30.579042,-92.971135
3_22_3_83,30.845875,-92.921333
3_22_3_88,30.582193,-93.118208
3_22_43_42,31.472591,-92.458659
4_22_103_122,30.337201,-89.647359
4_22_103_87,30.40066,-89.752913
4_22_105_64,30.589107,-90.555943
4_22_105_78,30.621814,-90.397185
4_22_117_54,30.847583,-90.19445
4_22_117_63,30.969431,-90.20243
4_22_117_64,30.669025,-89.993359
4_22_117_69,30.669747,-89.851609
4_22_33_33,30.680212,-91.130638
4_22_33_41,30.711149,-91.009996
4_22_33_46,30.710679,-90.957196
4_22_63_59,30.367161,-90.656232
4_22_63_60,30.495596,-90.85509
5_22_111_67,32.928687,-92.369286
5_22_111_69,32.72042,-92.268621
5_22_111_72,32.716667,-92.38057
5_22_111_91,32.816755,-92.366895
5_22_17_76,32.583902,-93.76446
5_22_61_51,32.599992,-92.598905
4_28_153_34,31.720692,-88.896762
4_28_45_43,30.256995,-89.622042
4_28_73_54,31.256785,-89.599186
5_28_113_16,31.134917,-90.48874
5_28_157_20,31.152128,-91.474677
5_28_157_29,31.109703,-91.06644
5_28_157_5,31.329373,-91.167041
5_28_63_24,31.692307,-91.162827
2_37_147_29,35.672242,-77.658162
3_37_145_24,36.373454,-78.991541
3_37_159_28,35.577905,-80.738933
3_37_197_26,36.185021,-80.729437
3_37_69_24,35.928232,-78.330637
3_37_69_7,36.180258,-78.357014
4_37_193_27,36.196458,-81.052146
4_37_193_6,36.051224,-81.109057
4_37_27_27,35.814592,-81.370661
1_45_13_13,32.662298,-80.816626
1_45_13_23,32.480601,-80.765768
1_45_13_62,32.589845,-80.689387
1_45_3_57,33.511138,-81.963456
2_45_15_12,32.926896,-79.942923
2_45_19_113,32.863627,-80.107272
3_45_1_77,34.302242,-82.412264
3_45_39_38,34.428684,-80.974958
3_45_45_88,35.016268,-82.431746
3_45_59_84,34.462438,-82.18824
3_45_71_97,34.206699,-81.366809
3_45_87_8,34.819296,-81.552712
2_47_135_38,35.609882,-87.82272
2_47_81_9,35.951242,-87.235135
3_47_111_11,36.436237,-86.006473
3_47_3_15,35.504049,-86.513851
4_47_133_9,36.240906,-85.306009
4_47_175_11,35.695297,-85.529407
4_47_185_10,35.92534,-85.450597
5_47_59_28,36.238307,-82.795974
5_47_63_4,36.191196,-83.339845
5_47_73_20,36.496909,-82.793756
5_47_9_22,35.788332,-84.079465
3_51_157_15,38.739943,-78.254383
4_51_15_75,37.90477,-78.986911
5_51_105_39,36.797416,-83.027623
1_48_199_72,30.418053,-94.69788
1_48_199_77,30.27789,-94.584467
1_48_201_197,30.101132,-95.484038
1_48_225_6,31.457196,-95.14599
1_48_241_108,30.270201,-94.056551
1_48_241_62,30.772239,-93.922559
1_48_241_93,30.282262,-93.925513
1_48_245_68,29.935149,-94.146455
1_48_245_84,30.156064,-94.196693
1_48_289_49,31.01441,-96.156078
1_48_291_115,30.164727,-94.901411
1_48_291_130,30.335395,-94.750898
1_48_291_137,30.150077,-95.055463
1_48_291_7,30.249443,-94.897063
1_48_291_80,30.22062,-94.917042
1_48_291_94,30.025938,-94.794218
1_48_339_50,30.232003,-95.196467
1_48_351_107,30.770439,-93.788095
1_48_351_111,30.457518,-93.708113
1_48_351_30,30.58613,-93.816669
1_48_351_53,30.352701,-93.874725
1_48_361_20,30.199054,-93.942241
1_48_361_34,30.102909,-93.938672
1_48_361_43,30.194218,-93.79129
1_48_403_19,31.28903,-93.916073
1_48_457_13,30.542337,-94.175841
1_48_457_47,30.655958,-94.102863
1_48_5_23,31.206102,-94.786215
1_48_5_78,31.08749,-94.41253
1_48_5_85,31.344376,-94.90708
2_48_347_110,31.465755,-94.697825
2_48_347_52,31.587988,-94.729589
2_48_419_17,31.849034,-94.106868
2_48_419_45,31.93584,-94.062972
3_48_89_83,29.398936,-96.499117
5_48_29_40,29.531205,-98.385323
2_17_163_20105,38.470218,-90.076782
2_18_173_20115,38.147323,-87.226247
3_20_155_20418,37.850356,-98.402192
2_24_25_550,39.659987,-76.237701
4_26_159_20027,42.335089,-85.836959
4_26_159_20125,42.184014,-86.062142
5_29_186_20025,38.071343,-90.214115
1_34_21_989,40.343653,-74.791813
1_34_41_100,40.958949,-74.886914
1_34_41_24585,40.990462,-74.988352
7_36_21_3512,42.007428,-73.616923
8_36_59_3833,40.825127,-73.664797
1_39_141_4924,39.274275,-83.307057
1_39_1_4099,39.048994,-83.399051
1_39_53_1209,38.591136,-82.304909
1_39_87_2564,38.575583,-82.476194
2_39_167_3268,39.47205,-81.222375
3_39_119_1815,39.823371,-82.051107
3_39_119_4648,39.876974,-81.868225
3_39_119_5194,40.149429,-81.874051
3_39_31_3736,40.391093,-81.955271
4_39_35_3313,41.399759,-81.436289
5_39_89_5454,39.973827,-82.293006
0_42_57_4249,39.819115,-78.053078
5_42_125_940,40.04703,-80.20419
5_42_129_322,40.44969,-79.35537
5_42_129_921,40.14611,-79.83945
6_42_81_620,41.2063,-77.01377
7_42_51_124,39.99748,-79.59287
9_42_17_1202,40.1581,-74.73479
9_42_1_483,39.95003,-77.10149
2_54_23_1344,39.162052,-79.176896
2_54_41_1591,39.100534,-80.391806
2_54_65_373,39.620577,-78.125834
2_54_7_1257,38.651289,-80.938453
2_54_7_161,38.648452,-80.612632
2_54_93_1099,39.156958,-79.711587
3_54_15_588,38.48284,-80.89662
3_54_39_1532,38.136125,-81.357856
3_54_39_2800,38.255234,-81.794022
3_54_45_1554,37.902561,-81.943435
3_54_59_1359,37.669576,-82.180773
3_54_59_1575,37.558499,-82.129337
3_54_59_37,37.834186,-82.298689
3_54_5_1639,37.926128,-81.583939
3_54_5_546,37.972284,-81.59458
4_54_103_711,39.598107,-80.806781
4_54_107_2443,39.133689,-81.532088
4_54_79_1371,38.527586,-81.980912
4_54_79_974,38.548444,-81.92931
4_54_87_1586,38.740973,-81.396593
4_54_87_1622,38.575993,-81.136993
1_1_3_225,30.537431,-87.655379
1_1_3_77,30.684295,-87.520289
1_1_53_82,31.074764,-87.102474
1_1_97_23,30.514286,-88.231232
2_1_91_77,32.506542,-87.900814
3_1_101_35,32.384267,-86.338046
3_1_101_36,32.474477,-86.2789
3_1_101_46,32.140725,-86.405341
3_1_101_53,32.437325,-86.175875
3_1_101_64,32.355951,-86.065473
3_1_17_48,32.990409,-85.536249
3_1_45_70,31.200239,-85.742786
3_1_61_47,31.11996,-85.606966
3_1_69_35,31.210896,-85.606884
3_1_85_57,32.07537,-86.423378
5_1_27_48,33.304781,-85.67584
5_1_73_51,33.793366,-86.874979
6_1_33_2,34.795248,-87.579134
6_1_77_60,34.903066,-87.333085
4_5_51_19,34.46346,-92.949459
5_5_143_2,36.191750999999996,-93.939918
5_5_15_12,36.404504,-93.451868
5_5_33_21,35.629261,-94.13279
5_5_47_25,35.648523,-93.965208
1_12_125_11,29.942392,-82.470414
2_12_13_70,30.555128,-84.982198
2_12_33_7,30.633699,-87.38649
2_12_45_9,29.877626,-85.234685
2_12_5_39,30.274442,-85.638873
3_12_101_32,28.22539,-82.672012
3_12_57_60,28.0315,-82.5899
1_13_107_44,32.483727,-82.244826
1_13_109_7,32.125388,-81.78536
1_13_25_8,31.248302,-81.948021
1_13_279_20,32.089731,-82.233099
1_13_29_19,31.884969,-81.278238
1_13_39_73,30.881769,-81.723325
1_13_51_99,32.189624,-81.189433
2_13_277_23,31.547044,-83.47954
2_13_315_21,32.031608,-83.454815
2_13_87_58,30.854068,-84.499747
3_13_141_41,33.101751,-83.022055
3_13_181_16,33.773193,-82.338679
3_13_235_7,32.387067,-83.518387
3_13_259_58,31.975501,-84.65799
3_13_293_25,32.875145,-84.155957
3_13_293_26,32.950758,-84.285985
3_13_319_16,32.734664,-83.225631
3_13_33_20,33.24102,-82.228855
4_13_11_21,34.481854,-83.520923
4_13_89_14,33.708237,-84.340882
1_21_119_24,37.291191,-82.837241
1_21_119_9,37.224003,-83.051024
1_21_131_39,37.145677,-83.237232
1_21_195_37,37.526226,-82.430178
1_21_195_79,37.293058,-82.535873
1_21_95_11,36.789227,-83.204206
2_21_115_6,37.776326,-82.863016
2_21_127_13,38.158762,-82.690013
2_21_135_16,38.612819,-83.395478
2_21_153_22,37.837874,-83.097562
2_21_89_79,38.693155,-83.030237
3_21_109_26,37.483027,-84.168452
3_21_13_35,36.752822,-83.560919
3_21_51_28,37.104063,-83.545592
4_21_11_31,38.152283,-83.753879
4_21_187_2,38.464546,-84.895437
4_21_187_37,38.638296,-84.948575
4_21_37_3,39.079321,-84.479049
6_21_107_11,37.309934,-87.71157
6_21_107_25,37.26106,-87.700475
6_21_31_45,37.207107,-86.684493
6_21_3_10,36.68612,-86.207624
6_21_3_18,36.811928,-86.186817
6_21_3_29,36.656983,-86.100933
6_21_3_52,36.655796,-86.248419
6_21_61_10,37.28313,-86.172093
7_21_75_2,36.5527,-89.205663
7_21_7_11,36.954286,-89.081252
2_22_101_62,29.836884,-91.56192
2_22_1_63,30.302894,-92.346214
2_22_1_67,30.279353,-92.619026
2_22_1_70,30.406817,-92.462271
2_22_1_76,30.231478,-92.498101
2_22_1_78,30.362552,-92.622485
2_22_47_15,30.187916,-91.355403
2_22_5_29,30.27677,-90.961034
2_22_5_3,30.273047,-90.863327
2_22_75_173,29.821031,-89.975809
2_22_75_175,29.694053,-89.979182
2_22_89_2,29.884804,-90.318113
2_22_89_25,29.915416,-90.301572
2_22_99_6,29.835438,-91.269302
2_22_9_65,31.052293,-91.85114
3_22_11_100,30.489471,-93.676191
3_22_11_116,30.623374,-93.065224
3_22_11_85,30.452453,-93.57232
3_22_11_89,30.534948,-93.276006
3_22_19_115,30.096701,-92.971296
3_22_19_119,30.272498,-93.310652
3_22_19_51,30.457001,-93.472579
3_22_19_89,30.31657,-93.71951
3_22_19_98,30.140473,-93.217386
3_22_39_39,30.84795,-92.520233
3_22_3_75,30.747049,-92.619576
3_22_59_37,31.749536,-92.016545
3_22_59_64,31.495087,-92.164714
3_22_59_70,31.582455,-92.117853
3_22_79_114,31.23919,-92.262638
3_22_79_118,31.407839,-92.475379
3_22_79_152,31.181898,-92.23594
3_22_79_96,30.969476,-92.571188
4_22_103_105,30.477121,-90.174962
4_22_103_117,30.314662,-89.801991
4_22_103_32,30.493665,-89.79584
4_22_105_63,30.750706,-90.491914
4_22_105_79,30.928083,-90.497447
4_22_37_45,30.88588,-91.053107
4_22_37_46,30.792751,-91.053778
4_22_63_49,30.401603,-90.913906
4_22_91_21,30.82924,-90.705934
5_22_111_64,32.808315,-92.527922
5_22_119_42,32.498177,-93.296417
5_22_13_72,32.538135,-92.887806
5_22_13_80,32.273871,-93.400529
5_22_21_43,31.97664,-92.168
3_28_23_8,32.108773,-88.890155
4_28_131_41,30.769199,-89.283366
4_28_147_26,31.283967,-90.260465
4_28_147_36,31.028961,-90.20732
4_28_35_45,31.328537,-89.266391
4_28_67_48,31.509704,-89.158923
4_28_91_26,31.125659,-89.802128
4_28_91_41,31.373826,-89.703305
4_28_91_5,31.079093,-89.7946
5_28_113_22,31.029976,-90.518848
5_28_113_26,31.092348,-90.475934
5_28_1_41,31.427877,-91.218942
5_28_1_57,31.429979,-91.21201
5_28_49_73,32.190168,-90.27468
5_28_5_42,31.178276,-90.870575
1_37_17_215,34.545036,-78.720978
1_37_93_2,34.884237,-79.241427
2_37_195_19,35.795187,-77.872441
2_37_83_89,36.39604,-77.549386
3_37_135_46,36.196953,-79.239529
3_37_149_24,35.281188,-82.164416
3_37_157_33,36.391338,-79.771937
3_37_157_56,36.344088,-80.009391
3_37_159_8,35.5214,-80.237297
3_37_161_45,35.583917,-81.708112
3_37_169_45,36.525623,-80.394151
3_37_33_41,36.454157,-79.442846
3_37_3_22,36.022047,-81.230641
4_37_111_20,35.847396,-82.054287
4_37_121_24,35.933857,-82.059086
1_40_127_165,34.241983,-95.657283
1_45_29_96,32.742008,-80.474516
2_45_31_90,34.357803,-80.046574
2_45_33_44,34.48016,-79.387137
2_45_61_15,34.152186,-80.467829
3_45_37_27,33.770227,-81.808068
3_45_37_40,33.723424,-82.016323
3_45_71_36,34.335925,-81.549037
3_45_7_26,34.579868,-82.742293
3_45_81_42,34.11043,-81.866362
2_47_81_42,35.907979,-87.452735
3_47_103_22,35.301035,-86.606124
3_47_111_15,36.57074,-85.953913
3_47_147_24,36.617093,-87.027259
3_47_149_15,35.988547,-86.465339
3_47_165_17,36.355264,-86.644167
3_47_165_29,36.484618,-86.597131
3_47_169_5,36.354929,-86.218535
3_47_187_27,35.810499,-86.992339
3_47_189_13,36.001393,-86.171785
3_47_27_7,36.539672,-85.630184
3_47_41_6,35.994902,-85.693057
3_47_41_7,35.912506,-85.744884
3_47_41_9,35.990375,-85.847214
3_47_55_22,35.435836,-87.149008
3_47_87_10,36.301361,-85.733413
3_47_87_13,36.359608,-85.662608
3_47_87_17,36.435344,-85.739891
3_47_87_7,36.301191,-85.572517
3_47_87_9,36.387719,-85.674796
4_47_129_12,36.200421,-84.554649
4_47_153_5,35.393291,-85.321207
4_47_185_14,35.85045,-85.614417
4_47_49_22,36.414918,-85.092125
5_47_143_23,35.688429,-84.944776
5_47_173_4,36.320044,-83.700556
1_51_133_5,37.802987,-76.389738
1_51_99_30,38.28473,-77.144969
2_51_143_83,36.841399,-79.2464
2_51_147_10,37.282758,-78.652875
2_51_19_32,37.17237,-79.501067
2_51_29_13,37.49302,-78.394063
2_51_29_79,37.635721,-78.519373
2_51_31_22,37.219759,-79.112878
2_51_37_36,37.072276,-78.536938
2_51_49_16,37.65172,-78.128147
2_51_67_12,36.953775,-80.104253
2_51_67_68,37.016094,-79.752796
2_51_89_26,36.714677,-80.069056
2_51_89_30,36.599748,-79.983614
2_51_89_61,36.563444,-79.982399
3_51_107_83,39.084375,-77.701658
3_51_113_14,38.245837,-78.204844
3_51_113_20,38.572016,-78.335614
3_51_113_60,38.50857,-78.357737
3_51_125_80,37.761817,-78.905966
3_51_157_49,38.657029,-78.2721
3_51_3_33,38.066771,-78.758459
3_51_61_28,38.936641,-77.926368
3_51_61_29,38.872962,-78.006423
3_51_61_59,38.820801,-78.021621
3_51_65_10,37.716514,-78.256957
3_51_9_21,37.756715,-79.09777
3_51_9_34,37.706291,-79.231752
3_51_9_62,37.549005,-79.351994
4_51_15_40,38.07699,-78.940274
4_51_163_16,37.714537,-79.585398
4_51_163_43,37.631853,-79.604977
4_51_165_40,38.472926,-79.084956
4_51_171_8,38.973216,-78.456677
4_51_187_7,38.881772,-78.171119
4_51_23_14,37.640467,-79.941272
4_51_23_44,37.565838,-79.791176
4_51_23_79,37.637452,-79.776852
4_51_23_81,37.562244,-79.65315
4_51_69_9,39.26992,-78.28095
5_51_105_1,36.633961,-83.572587
5_51_105_47,36.69688,-83.079981
5_51_155_31,37.052779,-80.684671
5_51_169_86,36.707665,-82.616624
5_51_27_18,37.316026,-82.205521
5_51_27_30,37.304056,-82.147975
5_51_51_23,37.001971,-82.30759
1_48_185_92,30.303165,-95.859815
1_48_199_18,30.46539,-94.13426
1_48_199_31,30.371569,-94.440441
1_48_199_60,30.145588,-94.484106
1_48_199_7,30.233195,-94.338057
1_48_199_76,30.150156,-94.331797
1_48_201_106,29.898323,-95.503366
1_48_201_13,30.027322,-95.198212
1_48_201_183,30.118159,-95.603412
1_48_201_199,29.606437,-95.297892
1_48_241_37,30.534877,-93.968165
1_48_241_52,30.917975,-93.890004
1_48_241_56,30.812439,-94.077945
1_48_241_68,30.940705,-94.080378
1_48_241_90,30.787563,-93.891915
1_48_289_35,31.318714,-96.155936
1_48_291_142,30.352609,-94.733055
1_48_291_41,30.345125,-94.989644
1_48_291_71,29.937678,-94.54186
1_48_291_96,30.160391,-94.750324
1_48_339_137,30.551418,-95.729498
1_48_339_18,30.368987,-95.393735
1_48_339_25,30.321162,-95.803052
1_48_339_6,30.27771,-95.707719
1_48_339_68,30.236975,-95.142884
1_48_351_22,30.286817,-93.767483
1_48_351_33,30.416803,-93.857835
1_48_351_36,30.879539,-93.73613
1_48_361_17,30.194379,-94.078208
1_48_361_31,30.156133,-93.887891
1_48_361_49,30.06327,-93.938235
1_48_373_21,30.720484,-94.789779
1_48_403_34,31.383474,-93.914989
1_48_471_80,30.766235000000002,-95.397821
1_48_473_51,29.877314,-96.081103
1_48_5_19,31.245133,-94.778809
1_48_5_25,31.375312,-94.797677
1_48_5_32,31.331392,-94.630098
1_48_5_6,31.113539,-94.688883
1_48_71_29,29.741709,-94.841284
2_48_203_38,32.724217,-94.12377
2_48_347_51,31.674987,-94.515383
2_48_401_93,32.247926,-94.9123
2_48_419_82,31.852722,-94.358656
2_48_73_16,31.676796,-95.232281
4_48_39_104,29.387631,-95.251105
4_48_39_140,29.091734,-95.746778
4_48_39_53,28.960171,-95.63122
4_48_481_89,29.404419999999998,-96.296179
1_17_181_20023,37.54222,-89.104944
3_18_29_20001,39.236944,-84.928175
2_19_153_20011,41.603065,-93.676675
2_24_21_1251,39.534354,-77.464192
2_24_25_66,39.57207,-76.432209
5_24_1_1277,39.654131,-78.554666
1_34_39_12059,40.710921,-74.335598
8_36_119_1238,41.337423,-73.823037
1_39_131_1398,38.99455,-83.067212
1_39_131_3049,39.065557,-83.200178
1_39_141_3780,39.365116,-83.24298
1_39_145_3813,38.931776,-83.076728
1_39_145_5581,38.686831,-83.204272
1_39_25_1638,39.169129,-84.294175
1_39_53_3317,38.844707,-82.166296
1_39_87_3617,38.51705,-82.623141
1_39_87_5476,38.440107,-82.514117
2_39_105_3224,39.004394,-82.071477
2_39_115_1774,39.584715,-81.800748
2_39_167_3819,39.432901,-81.189539
3_39_119_3415,39.833356,-81.992058
3_39_121_3941,39.753923,-81.580572
3_39_13_3787,40.131506,-81.040358
3_39_31_1433,40.297456,-81.96425
3_39_31_3661,40.296953,-81.810688
3_39_31_5340,40.311803,-81.632572
4_39_153_4307,40.913731,-81.47532
0_42_43_1169,40.39713,-76.6666
0_42_43_554,40.34338,-76.82674
0_42_61_1672,40.57661,-78.05904
0_42_61_415,40.66043,-78.19648
0_42_67_533,40.46019,-77.45297
5_42_125_1046,40.24061,-79.97639
5_42_125_1916,40.06471,-80.04432
5_42_129_33,40.59669,-79.70783
7_42_9_514,39.91707,-78.60508
9_42_101_410,39.89819,-75.21074
9_42_11_577,40.56663,-75.89109
9_42_1_1343,39.98335,-77.20467
9_42_91_77,40.08709,-75.29187
2_54_1_1651,39.094194,-80.065585
2_54_31_2313,39.14011,-78.681039
2_54_3_2456,39.421943,-78.188049
3_54_109_1065,37.655628,-81.746295
3_54_45_2341,37.790202,-81.642892
3_54_45_402,37.852942,-81.927898
3_54_45_41,37.946049,-82.072072
3_54_47_1052,37.300553,-81.677934
3_54_47_1295,37.447206,-81.898719
3_54_59_2252,37.779551,-82.13143
3_54_59_2259,37.667533,-82.0556
3_54_59_738,37.622695,-81.850334
3_54_5_1055,38.095607,-81.837427
3_54_5_2153,38.167056,-81.63077
4_54_61_1126,39.505018,-79.959642
4_54_73_947,39.386433,-81.043723
4_54_85_11,39.230549,-81.113064
4_54_99_56,38.157706,-82.372374
1_1_3_199,30.64539,-87.898622
1_1_53_20,31.02805,-87.225748
1_1_53_59,31.118581,-87.487108
1_1_97_29,30.58529,-88.20035
1_1_97_77,30.546247,-88.102737
2_1_119_62,32.342334,-88.264039
2_1_131_36,31.860136,-87.489184
2_1_35_48,31.49821,-86.782598
3_1_101_74,32.393334,-86.427993
3_1_13_83,31.827504,-86.656885
3_1_17_16,32.869294,-85.575634
3_1_21_18,32.730593,-86.900971
3_1_31_18,31.222506,-86.118136
3_1_31_45,31.221114,-86.013815
3_1_69_36,31.163554,-85.163264
3_1_85_74,32.033171,-86.419115
4_1_107_33,33.119564,-87.973339
4_1_63_50,32.559251,-87.871349
5_1_121_66,33.109827,-86.316336
6_1_49_1,34.403677,-85.865518
6_1_71_64,34.883027,-85.701238
6_1_71_75,34.798148,-86.172025
6_1_89_85,34.751836,-86.483944
3_5_139_5,33.327805,-92.653643
3_5_19_51,33.843696,-93.241487
3_5_27_12,33.022568,-93.476792
3_5_3_51,33.184511,-91.948025
5_5_7_50,36.158896,-94.524927
5_5_9_20,36.351098,-93.034463
1_12_47_1,30.519225,-83.110535
1_12_79_16,30.539139,-83.387611
2_12_133_39,30.699417,-85.497265
2_12_33_48,30.995328,-87.41723
2_12_45_84,30.042786,-85.284186
2_12_59_30,30.886338,-85.766266
2_12_63_108,30.811804,-85.461418
2_12_63_59,30.685472,-84.922437
1_13_229_16,31.23678,-82.274457
1_13_229_2,31.394121,-82.367179
1_13_25_41,31.228138,-82.140599
1_13_305_3,31.478415,-82.042806
1_13_39_33,30.999928,-81.645981
1_13_43_15,32.395397,-82.097875
1_13_51_2,32.004851,-81.099491
2_13_315_9,32.023047,-83.603798
2_13_321_71,31.522697,-83.704275
2_13_93_2,32.104488,-83.720327
3_13_163_20,33.188381,-82.394543
3_13_235_28,32.318382,-83.450757
3_13_261_53,32.149177,-84.102282
3_13_303_62,33.024735,-83.065874
3_13_319_8,32.903453,-83.053173
4_13_105_34,34.055904,-82.74516
4_13_45_23,33.647903,-85.201688
1_21_131_43,36.891706,-83.432638
1_21_133_26,37.112751,-82.971357
1_21_95_10,36.896591,-83.125355
1_21_95_34,36.939474,-82.973724
1_21_95_43,36.791179,-83.362298
2_21_135_101,38.527287,-83.512385
2_21_19_15,38.359176,-82.685405
5_21_169_16,37.008493,-85.612893
5_21_207_17,37.047155,-84.934191
5_21_231_49,36.655346,-84.947352
5_21_45_1,37.499209,-85.009759
6_21_107_84,37.232292,-87.531733
6_21_177_48,37.211918,-87.316745
6_21_9_52,36.97761,-85.98246
7_21_221_52,36.672931,-87.877032
1_22_25_27,31.925862,-91.857912
1_22_67_16,32.763271,-92.01292
1_22_67_49,32.864619,-91.833602
2_22_101_55,29.744368,-91.713839
2_22_113_46,30.112108,-92.168632
2_22_1_16,30.280235,-92.563616
2_22_1_2,30.071578,-92.45925
2_22_1_75,30.472906,-92.505184
2_22_23_23,30.003001,-93.356843
2_22_47_11,30.101094,-91.307344
2_22_47_36,30.144982,-91.462692
2_22_47_9,30.181507,-91.305476
2_22_55_18,30.35572,-91.970335
2_22_97_3,30.320673,-92.120295
2_22_99_27,30.116523,-91.881116
2_22_9_35,30.887251,-92.119214
3_22_115_61,30.885429,-92.91983
3_22_11_25,30.713836,-93.275083
3_22_11_68,30.623822,-93.419814
3_22_11_73,30.755251,-93.526249000000007
3_22_19_11,30.186746,-93.122199
3_22_19_18,30.143726,-93.263049
3_22_19_19,30.148871,-92.919375
3_22_19_24,30.235834,-93.222002
3_22_19_3,30.187022,-93.312202
3_22_19_38,30.228417,-93.266854
3_22_19_61,30.144844,-93.419281
3_22_39_21,30.872437,-92.387395
3_22_39_29,30.749417,-92.572319
3_22_39_38,30.803936,-92.415155
3_22_3_27,30.533101,-92.619145
3_22_53_39,30.104833,-92.870906
3_22_59_12,31.578547,-92.061961
3_22_59_20,31.601529,-92.248413
3_22_69_28,31.359215,-92.972021
3_22_69_40,31.406719,-92.880776
3_22_79_12,31.319797,-92.674459
3_22_79_19,31.364659,-92.11351
3_22_79_42,30.926791,-92.67459
3_22_79_75,31.142435,-92.768611
3_22_85_57,31.844652,-93.549782
4_22_103_24,30.618865,-90.205091
4_22_105_42,30.646221,-90.410013
4_22_105_44,30.541004,-90.353043
4_22_105_49,30.407919,-90.258839
4_22_105_53,30.618404,-90.554511
4_22_105_8,30.646758,-90.404561
4_22_117_45,30.980699,-89.942633
4_22_33_1,30.406921,-91.108061
4_22_33_14,30.66269,-90.906053
4_22_37_27,30.840376,-90.859557
4_22_63_27,30.359971,-90.553496
4_22_63_41,30.447263,-90.958239
4_22_63_45,30.444726,-90.727302
4_22_63_8,30.578376,-90.913094
5_22_111_9,32.671126,-92.163609
5_22_127_51,32.05668,-92.371716
5_22_17_22,32.276798,-93.911334
5_22_27_22,32.610686,-93.060372
1_28_149_65,32.390391,-90.803974
2_28_105_14,33.489683,-88.699164
2_28_115_38,34.104381,-88.938485
2_28_13_7,33.867718000000004,-89.316341
3_28_121_51,32.36166,-90.030772
3_28_123_4,32.233653,-89.497126
3_28_69_59,32.9266,-88.64755
4_28_109_27,30.727042,-89.683605
4_28_109_38,30.772097,-89.580363
4_28_111_52,31.418656,-89.086315
4_28_153_53,31.800376,-88.693273
4_28_35_42,31.340096,-89.252478
4_28_39_34,30.990777,-88.64698
4_28_41_34,31.271913,-88.712383
4_28_45_37,30.387282,-89.431219
4_28_65_27,31.543182,-89.867464
4_28_67_14,31.715257,-89.157921
4_28_67_2,31.587677,-89.060084
4_28_67_58,31.502249,-89.0649
4_28_77_28,31.504684,-90.199265
4_28_77_31,31.546162,-90.052453
4_28_91_1,31.182326,-89.76659
5_28_157_56,31.154671,-91.513696
5_28_21_48,32.003948,-90.810492
5_28_29_1,31.811926,-90.251064
5_28_29_33,31.942109,-90.201239
5_28_49_11,32.399706,-90.329413
5_28_5_56,31.09043,-90.721512
1_37_107_50,35.305441,-77.51491
1_37_191_15,35.447818,-78.024991
1_37_191_53,35.236887,-78.060402
1_37_19_74,33.940245,-78.614106
1_37_85_57,35.321724,-78.544909
3_37_159_42,35.614601,-80.602683
3_37_169_1,36.470505,-80.200785
3_37_197_16,36.200367,-80.700917
3_37_33_7,36.383114,-79.300577
3_37_35_24,35.650495,-81.091702
3_37_45_19,35.253926,-81.652823
3_37_63_27,36.235459,-78.830016
3_37_97_105,35.53855,-80.824602
4_37_111_1,35.629973,-82.030696
4_37_193_25,36.069574,-81.088028
4_37_193_33,36.381654,-80.95584
4_37_193_51,36.060797,-81.325372
4_37_87_6,35.444757,-82.899738
4_37_89_10,35.26268,-82.420364
2_40_21_128,35.940959,-94.819618
2_40_21_149,36.11179,-95.03038
1_45_29_21,32.685852,-80.462029
1_45_29_63,32.720243,-80.598157
1_45_29_70,32.920188,-80.794665
1_45_29_91,32.928974,-80.857002
2_45_51_183,33.822325,-79.012391
2_45_51_54,33.664346,-79.100681
2_45_61_55,34.012327,-80.181696
2_45_85_95,33.842297,-80.554604
2_45_89_4,33.564454,-79.609111
3_45_1_37,34.22564,-82.51572
3_45_59_33,34.452677,-81.995435
3_45_77_73,34.895261,-82.700347
1_47_131_27,36.388864,-89.270537
1_47_79_30,36.177606,-88.407039
1_47_97_48,35.828439,-89.489351
2_47_161_33,36.435797,-88.040994
2_47_99_35,35.21249,-87.571734
3_47_111_22,36.479439,-85.944654
3_47_117_19,35.300355,-86.737461
3_47_119_47,35.524678,-87.24263
3_47_125_23,36.390431,-87.505286
3_47_159_13,36.172616,-85.956141
3_47_15_13,35.866654,-86.065632
3_47_3_19,35.628736,-86.341205
3_47_41_15,36.032619,-85.739839
3_47_87_20,36.263151,-85.627757
4_47_13_33,36.287912,-84.224381
4_47_175_18,35.820306,-85.477808
4_47_185_19,36.036552,-85.424058
4_47_185_30,35.907566,-85.371158
4_47_51_40,35.12751,-85.960285
4_47_51_83,35.029368,-86.255003
4_47_61_23,35.511908,-85.796215
5_47_57_19,36.284026,-83.593593
5_47_59_51,36.276943,-82.748796
5_47_63_8,36.147448,-83.387933
5_47_63_9,36.146845,-83.336639
5_47_9_49,35.756048,-84.090018
1_51_101_44,37.681298,-77.060144
1_51_41_80,37.497258,-77.713878
1_51_93_61,36.964352,-76.528271
1_51_97_55,37.763693,-76.913716
1_51_99_33,38.310188,-77.111244
2_51_141_35,36.816315,-80.204864
2_51_143_160,36.733323,-79.398648
2_51_143_42,36.96902,-79.288306
2_51_147_7,37.174821,-78.543628
2_51_19_2,37.194548,-79.464391
2_51_19_38,37.463747,-79.678298
2_51_31_27,37.237314,-78.956694
2_51_31_86,37.214092,-79.113761
2_51_67_65,37.116206,-79.824796
2_51_7_55,37.281008,-77.996225
2_51_83_122,36.559425,-79.159214
2_51_89_3,36.688177,-79.901735
2_51_89_68,36.816125,-79.679453
3_51_109_88,37.98706,-78.102311
3_51_113_12,38.421635,-78.277343
3_51_125_43,37.738191,-78.798138
3_51_125_46,37.867918,-79.114263
3_51_125_54,37.638808,-78.929031
3_51_125_69,37.774373,-78.81217
3_51_137_35,38.289793,-78.078448
3_51_157_47,38.760717,-78.190823
3_51_179_2,38.462031,-77.340171
3_51_3_7,38.199211,-78.738574
3_51_59_63,38.858101,-77.292348
3_51_9_45,37.647,-79.251221
3_51_9_73,37.64096,-79.097703
3_51_9_74,37.565494,-79.143079
4_51_161_42,37.304464,-80.071682
4_51_161_66,37.141296,-80.14649
4_51_163_25,37.790515,-79.469872
4_51_165_148,38.416897,-79.030443
4_51_165_21,38.400505,-78.854992
4_51_171_79,38.8557,-78.470781
5_51_121_14,37.097651,-80.364417
5_51_121_34,37.131695,-80.274571
5_51_167_73,37.039329,-81.95889
5_51_169_89,36.734731,-82.567828
5_51_173_25,36.943981,-81.645098
5_51_35_46,36.856747,-80.766238
5_51_51_27,37.188227,-82.223332
5_51_51_41,37.261044,-82.263466
1_48_199_32,30.281557,-94.241357
1_48_199_44,30.16679,-94.464995
1_48_199_45,30.367196,-94.289152
1_48_199_47,30.240066,-94.594874
1_48_199_58,30.111833,-94.336163
1_48_199_8,30.150063,-94.591623
1_48_199_84,30.320691,-94.598204
1_48_199_9,30.284966,-94.291805
1_48_225_95,31.336506,-95.300825
1_48_291_129,30.077835,-94.492636
1_48_291_25,30.205489,-95.001245
1_48_291_38,30.371044,-94.746625
1_48_291_58,29.91428,-94.663197
1_48_291_62,30.28626,-95.002823
1_48_291_85,30.072449,-94.653903
1_48_313_48,30.8363,-96.114464
1_48_373_44,30.740395,-95.037442
1_48_373_59,30.628144,-94.634574
1_48_405_26,31.375975,-94.161175
1_48_405_51,31.548363,-94.266158
1_48_457_15,30.984688,-94.2762
1_48_473_26,30.232834,-95.859171
1_48_5_95,31.173943,-94.644314
2_48_419_12,31.845847,-94.222618
2_48_419_66,31.762211,-94.156402
2_48_423_52,32.208733,-95.217397
3_48_145_74,31.306582,-97.171985
3_48_21_91,30.276363,-97.255227
3_48_89_38,29.492245,-96.58059
4_48_39_172,29.169861,-95.416504
5_48_221_27,32.41052,-97.784577
5_48_309_24,31.503649,-97.402899
5_48_35_62,32.048076,-97.580608
5_48_491_55,30.53793,-97.604832
1_9_7_289,41.345446,-72.491664
2_17_119_20113,38.796455,-89.750875
3_18_29_20020,39.042585,-84.899699
2_24_13_707,39.605308,-77.260703
2_24_25_1454,39.655534,-76.340142
2_24_31_1127,39.011997,-77.243191
3_24_9_485,38.384948,-76.430677
5_24_1_1756,39.652141,-78.707888
1_25_13_830,42.146804,-72.481492
1_29_55_20185,37.950939,-91.450058
4_29_177_20048,39.264369,-94.134649
4_29_77_20064,37.211293,-93.166902
5_29_189_20119,38.75497,-90.382871
1_34_37_1219,41.23941,-74.46541
8_36_119_1330,41.234294,-73.850171
2_39_73_417,39.641598,-82.388156
2_39_73_453,39.501704,-82.299462
3_39_67_347,40.308453,-81.204707
3_39_67_686,40.40341,-81.029868
3_39_75_4785,40.600963,-81.81636
3_39_81_5074,40.335659,-80.771053
4_39_29_209,40.770497,-80.659219
0_42_55_2661,40.05124,-77.81549
0_42_61_2599,40.50005,-77.82995
5_42_63_2324,40.53525,-79.4074
8_42_107_2134,40.64557,-76.29469
9_42_11_1639,40.3403,-75.63812
9_42_11_2316,40.54049,-75.79437
2_54_71_1649,38.8198,-79.421638
3_54_39_157,38.516612,-81.580789
3_54_45_103,37.809243,-82.07804
3_54_59_168,37.585069,-82.021014
3_54_59_330,37.752438,-82.273746
4_54_43_1485,38.1183,-82.255727
4_54_79_879,38.476819,-81.969511
4_54_87_748,38.781106,-81.499345
1_1_3_144,30.646156,-87.428206
1_1_3_149,30.556028,-87.629468
1_1_3_177,30.498639,-87.479284
1_1_3_178,30.324537,-87.688054
1_1_97_166,30.546567,-88.363624
2_1_91_37,32.025156,-88.07019
2_1_91_99,32.196525,-87.956918
2_1_99_108,31.518508,-87.433402
2_1_99_110,31.521941,-87.284483
3_1_101_73,32.484273,-86.229498
3_1_11_54,31.882026,-85.728474
3_1_13_68,31.944283,-86.874066
3_1_1_9,32.576297,-86.71472
3_1_87_77,32.423544,-85.980747
4_1_125_49,33.316321,-87.284523
4_1_65_59,32.914896,-87.702326
5_1_73_107,33.405561,-87.109335
5_1_73_47,33.447275,-86.951947
6_1_103_60,34.498752,-87.027651
6_1_71_11,34.718968,-86.225431
1_5_17_56,33.358378,-91.151188
3_5_3_70,33.051882,-91.795021
4_5_149_44,35.033007,-93.203865
5_5_101_48,35.913612,-93.10466
5_5_101_53,35.787183,-93.115615
1_12_31_68,30.530833,-81.599308
3_12_57_95,27.987111,-82.166378
1_13_107_33,32.660034,-82.118518
1_13_179_38,31.797463,-81.586246
1_13_251_15,32.738449,-81.662523
1_13_251_53,32.729206,-81.494979
1_13_267_11,31.989411,-82.061941
1_13_279_97,32.144025,-82.449919
1_13_31_81,32.241284,-81.518766
1_13_39_81,30.857071,-81.646736
1_13_51_7,32.005078,-81.190162
1_13_69_40,31.558395,-82.844503
1_13_91_24,32.392633,-83.23169
2_13_155_40,31.727611,-83.373672
2_13_17_1,31.768101,-83.059292
2_13_275_63,30.947465,-84.097803
2_13_277_13,31.417185,-83.505646
2_13_277_22,31.437777,-83.638662
2_13_27_13,30.786708,-83.576826
2_13_27_39,30.847013,-83.689647
2_13_27_42,30.873344,-83.407502
2_13_315_1,32.013948,-83.419983
3_13_133_15,33.545006,-83.071633
3_13_159_7,33.484843,-83.717526
3_13_163_50,33.056962,-82.566177
3_13_163_64,33.050165,-82.38774
3_13_177_17,31.822008,-84.149287
3_13_177_37,31.863458,-84.217485
3_13_197_11,32.35969,-84.441124
3_13_207_15,32.864143,-83.95243
3_13_211_6,33.669474,-83.50923
3_13_243_24,31.68156,-84.864033
3_13_249_6,32.364126,-84.266064
3_13_273_18,31.674178,-84.457412
3_13_273_30,31.839099,-84.475104
3_13_289_38,32.512439,-83.510287
3_13_289_8,32.602629,-83.344679
3_13_33_53,32.931369,-82.049427
3_13_33_80,33.112836,-81.916821
3_13_95_2,31.61164,-84.145924
3_13_9_17,33.133434,-83.119152
4_13_223_2,33.928747,-85.044136
4_13_297_3,33.656539,-83.678216
4_13_63_18,33.544203,-84.311741
5_13_47_23,34.777415,-85.159148
1_21_193_39,37.251392,-83.167512
1_21_71_75,37.4763,-82.741582
2_21_127_39,37.976913,-82.644192
2_21_153_18,37.778514,-83.031215
3_21_13_30,36.89781,-83.593774
3_21_65_27,37.750476,-83.858647
4_21_137_22,37.487996,-84.485830000000007
4_21_79_5,37.511421,-84.440272
5_21_155_24,37.436421,-85.098154
5_21_163_4,37.958876,-86.139376
5_21_53_1,36.656788,-85.098403
6_21_171_29,36.721576,-85.86245
6_21_177_7,37.230326,-87.201787
6_21_9_58,36.885885,-85.787702
1_22_107_21,32.125898,-91.328114
2_22_125_39,30.925628,-91.561482
2_22_71_12,30.028795,-89.950316
2_22_77_9,30.543692,-91.662852
2_22_93_15,30.052859,-90.763114
2_22_97_36,30.622434,-91.810225
2_22_97_40,30.670594,-92.16643
2_22_97_57,30.622298,-91.758328
2_22_9_41,31.054279,-92.069235
2_22_9_50,31.012258,-91.869865
3_22_115_3,31.151918,-92.872399
3_22_115_78,30.972528,-92.926809
3_22_19_13,30.232133,-93.412231
3_22_19_15,30.055093,-93.414176
3_22_19_20,30.059448,-93.713362
3_22_19_33,30.281122,-93.519927
3_22_19_40,30.316123,-93.067411
3_22_19_42,30.317111,-93.373043
3_22_19_5,30.27287,-93.666173
3_22_19_64,30.189468,-93.019481
3_22_19_67,30.361977,-93.663608
3_22_3_29,30.494185,-92.923993
3_22_3_40,30.838322,-92.823493
3_22_79_90,31.369519,-92.578122
4_22_103_11,30.362605,-89.705671
4_22_103_27,30.278837,-89.850427
4_22_117_30,30.726348,-90.026517
4_22_117_5,30.720245,-90.150542
4_22_33_24,30.672492,-91.055514
4_22_33_9,30.667676,-91.153983
4_22_63_25,30.359717,-90.702727
4_22_63_30,30.62939,-90.603338
4_22_63_42,30.312895,-90.603309
4_22_91_12,30.838323,-90.747701
4_22_91_2,30.927492,-90.752496
5_22_119_3,32.970258,-93.411203
5_22_17_16,32.929587,-93.816929
1_28_163_36,32.960605,-90.313838
1_28_163_42,32.565773,-90.58236
1_28_163_50,32.540445,-90.511189
1_28_163_55,32.837591,-90.42194
1_28_163_82,32.874572,-90.323107
1_28_163_95,32.700273,-90.421613
3_28_127_39,31.80044,-89.956539
3_28_61_42,32.016185,-89.305052
3_28_79_3,32.700196,-89.71523
4_28_109_10,30.556583,-89.635375
4_28_147_43,31.073166,-90.154909
4_28_45_1,30.387383,-89.532287
4_28_45_15,30.428079,-89.586565
4_28_47_30,30.429729,-89.232389
4_28_59_112,30.475582,-88.580459
4_28_59_98,30.602001,-88.591666
4_28_65_11,31.58387,-89.873778
4_28_67_31,31.464961,-89.010501
4_28_67_33,31.630767,-89.102824
4_28_67_67,31.550976,-89.110842
4_28_67_69,31.593293,-89.160628
4_28_67_75,31.761558,-89.207633
4_28_77_45,31.496586,-89.998109
5_28_157_13,31.287258,-91.412277
5_28_5_1,31.13501,-90.567155
1_37_85_44,35.440242,-78.862715
1_37_85_45,35.500202,-78.978762
2_37_83_53,36.168549,-77.788858
3_37_151_74,35.7573,-79.753008
3_37_167_3,35.201885,-80.223312
3_37_183_33,35.60325,-78.867725
3_37_197_37,36.188109,-80.771596
3_37_197_9,36.17346,-80.718628
3_37_1_3,35.854317,-79.53625
3_37_33_77,36.388594,-79.340386
3_37_35_39,35.561188,-81.309827
3_37_37_125,35.530233,-79.527498
3_37_37_2,35.575854,-79.027589
3_37_37_23,35.780728,-79.094019
3_37_37_59,35.710701,-79.25788
3_37_81_24,36.190423,-80.020999
4_37_193_42,36.336654,-81.237099
4_37_89_31,35.461221,-82.397406
1_45_13_104,32.350958,-80.865629
1_45_13_82,32.568127,-80.783975
1_45_29_60,32.828255,-80.5365
1_45_49_73,32.859825,-81.227103
1_45_49_76,32.659631,-80.896227
1_45_53_70,32.31376,-81.12369
1_45_63_111,33.711808,-81.166323
2_45_15_31,33.273205,-80.273038
2_45_25_108,34.725005,-80.425527
2_45_27_66,33.71468,-80.203971
2_45_43_44,33.280649,-79.28647
2_45_79_100,33.813439,-80.896931
2_45_89_127,33.44763,-79.812561
3_45_77_1,34.70411,-82.74096
1_47_167_34,35.480013,-89.794174
1_47_17_51,35.860984,-88.621981
2_47_81_37,35.738434,-87.297497
3_47_117_25,35.320616,-86.90582
3_47_119_49,35.558212,-87.027368
3_47_149_37,35.728195,-86.252678
3_47_149_47,35.852522,-86.56753
3_47_15_10,35.904201,-86.000127
3_47_165_36,36.39155,-86.596334
3_47_187_32,35.86933,-86.8694
3_47_21_19,36.307055,-87.070153
3_47_3_21,35.412538,-86.405451
3_47_55_54,35.3022,-87.144869
3_47_87_14,36.435121,-85.576486
3_47_87_25,36.439195,-85.683407
4_47_133_16,36.380823,-85.144583
4_47_133_29,36.292534,-85.244822
4_47_13_35,36.458044,-84.340976
4_47_141_15,36.125952,-85.352156
4_47_141_37,36.167684,-85.740851
4_47_185_29,36.035988,-85.375677
4_47_49_43,36.503442,-85.036247
4_47_51_2,35.0878,-86.169975
5_47_171_2,36.182675,-82.406697
5_47_1_20,36.112814,-84.229767
5_47_25_20,36.589056,-83.971196
5_47_65_43,35.25448,-85.207915
5_47_65_46,35.127366,-85.266889
5_47_89_12,36.060825,-83.398135
1_51_175_52,36.669162,-77.12889
1_51_41_64,37.332639,-77.46264
1_51_53_17,37.235802,-77.602246
2_51_11_34,37.414479,-78.955439
2_51_11_41,37.360656,-78.877859
2_51_141_22,36.581637,-80.374025
2_51_143_54,36.80146,-79.439055
2_51_143_94,36.752528,-79.64968
2_51_19_133,37.503434,-79.45759
2_51_19_36,37.408592,-79.601632
2_51_37_50,37.150317,-78.778852
2_51_49_31,37.450194,-78.210721
2_51_67_16,36.951431,-79.67497
2_51_67_26,36.973398,-80.0349
2_51_67_29,36.870163,-80.219116
2_51_67_70,37.113195,-79.954361
2_51_67_81,36.898876,-79.876312
2_51_67_89,37.006163,-79.975506
2_51_89_21,36.643826,-79.722052
3_51_107_15,39.027761,-77.628754
3_51_113_52,38.517037,-78.249547
3_51_125_51,37.828455,-78.757398
3_51_125_64,37.74117,-78.856312
3_51_125_71,37.858247,-79.085593
3_51_137_1,38.220607,-78.225446
3_51_157_16,38.646308,-78.150972
3_51_157_18,38.762744,-78.073207
3_51_157_23,38.732822,-78.153242
3_51_157_8,38.709625,-78.115995
3_51_3_101,38.226858,-78.567981
3_51_3_43,37.953145,-78.66673
3_51_3_83,38.023303,-78.651483
3_51_3_97,38.18779,-78.458898
3_51_61_5,38.733251,-77.805382
3_51_65_15,37.891243,-78.247611
3_51_79_8,38.269302,-78.378502
3_51_9_25,37.632898,-79.044145
3_51_9_28,37.557405,-79.214521
4_51_15_123,38.04629,-78.853771
4_51_15_2,38.347156,-79.119548
4_51_163_79,37.644237,-79.504187
4_51_163_81,37.726134,-79.481218
4_51_163_82,38.028302,-79.482309
4_51_23_13,37.437962,-79.96129
4_51_23_28,37.466163,-79.598245
4_51_23_48,37.603782,-79.8702
4_51_23_70,37.636274,-79.706231
5_51_121_57,37.102338,-80.438251
5_51_167_30,36.903281,-82.087472
5_51_195_39,36.832725,-82.728019
5_51_71_26,37.380353,-80.540409
5_51_77_18,36.705362,-81.084773
3_48_181_9,33.626562,-96.490686
3_48_331_70,30.830931,-96.967045
3_48_41_2,30.75408,-96.28739
3_48_51_19,30.46965,-96.622872
4_48_321_163,29.138689,-95.946006
4_48_39_71,29.424812,-95.220615
5_48_265_57,30.057196,-99.46322
1_10_1_128,39.063074,-75.676665
2_24_21_1477,39.597518,-77.532521
2_24_33_370,38.749361,-77.015628
5_24_1_1526,39.488856,-78.977675
5_29_99_20090,38.277385,-90.381337
1_34_37_967,40.998535,-74.78244
1_34_5_49,40.055535,-74.826154
8_36_111_2578,41.942605,-73.969463
8_36_59_5462,40.582631,-74.200084
1_39_131_992,39.073736,-83.10569
1_39_141_800,39.326604,-83.050333
1_39_87_319,38.526902,-82.442286
1_39_87_322,38.471109,-82.602449
2_39_127_37,39.628884,-82.102722
2_39_167_14071,39.490571,-81.105426
2_39_167_770,39.541,-81.134851
3_39_119_2488,39.980251,-82.046293
3_39_119_647,40.017712,-81.881781
3_39_13_410,40.070237,-81.034608
3_39_13_674,40.080443,-81.189188
3_39_157_715,40.528798,-81.553547
3_39_19_108,40.459506,-80.991748
3_39_31_672,40.252206,-81.944272
5_39_61_57,39.270006,-84.69814
6_39_21_659,40.186362,-83.965226
0_42_55_2885,39.98117,-77.8286
0_42_55_3151,40.010362,-77.574928
0_42_55_5091,40.172766,-77.73298
0_42_61_2504,40.45806,-78.14265
0_42_87_6149,40.572654,-77.532225
5_42_129_3083,40.556579,-79.552027
7_42_51_2765,39.9962,-79.53371
9_42_71_2758,40.0518,-76.4602
2_54_27_1489,39.216156,-78.911142
2_54_77_312,39.444084,-79.654829
2_54_7_2060,38.715864,-80.705345
3_54_109_250,37.658925,-81.760533
3_54_15_92,38.439853,-80.946813
3_54_19_1721,38.191653,-81.28227
3_54_45_284,37.9162,-81.830856
3_54_59_1367,37.613728,-82.136701
3_54_81_1897,37.8794,-81.412276
4_54_103_1018,39.671519,-80.661099
4_54_103_910,39.554994,-80.592856
4_54_13_1847,38.966146,-81.215415
4_54_17_1309,39.196142,-80.731275
4_54_17_1442,39.105759,-80.698876
4_54_29_2007,40.216178,-80.615004
4_54_61_1883,39.692866,-79.859271
1_1_129_70,31.367833,-87.897795
1_1_3_47,30.595027,-87.734159
1_1_53_87,31.061172,-87.043055
1_1_97_101,30.874597,-88.310325
1_1_97_124,30.97284,-88.174431
1_1_97_157,30.784671,-88.117629
2_1_119_49,32.606341,-88.165639
2_1_119_75,32.452845,-88.137641
2_1_23_90,32.249326,-88.209729
2_1_23_93,32.036304,-88.304391
2_1_35_67,31.3333,-87.196627
2_1_35_7,31.444211,-86.9885
3_1_101_32,31.989137,-86.228652
3_1_101_7,32.434991,-86.230456
3_1_113_49,32.483108,-85.055466
3_1_31_16,31.352735,-86.021287
3_1_41_28,31.603763,-86.21844
3_1_45_31,31.21637,-85.769876
3_1_61_23,31.038359,-86.119447
3_1_67_52,31.640072,-85.301175
3_1_69_13,31.252946,-85.464422
4_1_107_82,33.20884,-88.071835
4_1_125_63,33.163951,-87.759245
4_1_63_61,32.961678,-87.932645
4_1_65_52,32.68326,-87.756433
4_1_65_75,32.685707,-87.503175
5_1_127_79,33.767709,-87.413007
6_1_71_10,34.63668,-86.333306
6_1_71_69,34.643968,-86.094634
6_1_83_37,34.975656,-86.968541
6_1_89_6,34.929041,-86.689092
3_5_19_17,34.102994,-92.965742
3_5_27_9,33.287828,-93.309245
3_5_3_4,33.101846,-91.903579
4_5_51_22,34.556828,-92.944411
5_5_143_26,35.955694,-94.074912
5_5_15_1,36.314774,-93.501328
5_5_65_18,35.909579,-91.853473
5_5_87_2,35.793813,-93.537166
1_12_35_51,29.467985,-81.250522
1_12_83_133,29.140068,-81.846266
1_12_89_53,30.685495,-81.666398
1_12_89_62,30.626355,-81.865
2_12_113_91,30.40165,-86.981923
2_12_63_93,30.80568,-85.250395
2_12_73_68,30.663341,-84.300165
2_12_91_99,30.853469,-86.674637
3_12_27_60,27.065039,-81.601556
1_13_161_25,31.779281,-82.552216
1_13_165_25,32.852087,-81.866021
1_13_167_67,32.733192,-82.780712
1_13_175_39,32.689825,-82.991837
1_13_175_62,32.527083,-83.171185
1_13_209_6,31.988233,-82.539604
1_13_29_35,32.139341,-81.534459
1_13_305_59,31.599126,-81.787531
1_13_31_8,32.31264,-81.920687
1_13_51_14,31.825344,-81.105004
1_13_51_60,32.091501,-81.21733
1_13_91_41,31.951716,-83.249279
2_13_155_27,31.530916,-83.152068
2_13_19_59,31.441795,-83.155151
2_13_277_7,31.387741,-83.495597
2_13_71_28,31.328959,-83.637149
2_13_71_44,31.174372,-83.817326
2_13_7_29,31.384922,-84.61565
2_13_81_15,31.831991,-83.74202
3_13_153_48,32.343639,-83.825613
3_13_159_40,33.34838,-83.559992
3_13_177_14,31.891043,-84.305663
3_13_181_13,33.838459,-82.547396
3_13_193_26,32.30663,-84.017815
3_13_197_36,32.219129,-84.498086
3_13_211_31,33.570327,-83.347922
3_13_235_15,32.221052,-83.546394
3_13_235_23,32.312926,-83.43357
3_13_259_44,32.09219,-84.695011
3_13_269_12,32.68319,-84.299178
3_13_289_41,32.463808,-83.489768
3_13_317_15,33.700616,-82.734181
3_13_317_6,33.623396,-82.752005
4_13_119_27,34.382766,-83.333998
4_13_219_3,33.918806,-83.532104
4_13_45_36,33.633222,-85.004537
5_13_57_41,34.336504,-84.601299
1_21_119_37,37.238587,-83.099895
1_21_195_83,37.51376,-82.377778
1_21_71_18,37.574598,-82.760526
1_21_95_15,36.968337,-82.938885
1_21_95_3,36.824887,-83.480724
1_21_95_30,36.958493,-83.197737
1_21_95_33,36.854113,-83.112789
5_21_1_3,37.05249,-85.411201
6_21_227_21,37.179357,-86.614596
7_21_39_9,36.901274,-88.903532
1_22_123_11,32.85058,-91.451361
1_22_35_29,32.721046,-91.241612
1_22_67_13,32.926698,-91.808493
1_22_67_20,32.799382,-91.706199
2_22_101_89,29.9358,-91.461528
2_22_109_1,29.616049,-91.017744
2_22_109_89,29.530261,-90.7153
2_22_121_10,30.41177,-91.306549
2_22_23_41,29.952763,-93.104263
2_22_45_40,30.056018,-91.656339
2_22_47_1,30.272059,-91.306665
2_22_47_29,30.277539,-91.067501
2_22_47_33,30.325883,-91.460789
2_22_47_37,30.31223,-91.596667
2_22_97_1,30.752933,-91.910375
2_22_97_33,30.44808,-92.011386
2_22_97_4,30.799804,-92.019248
2_22_97_49,30.357251,-92.159342
2_22_99_19,30.1869,-91.517203
2_22_99_21,30.234355,-91.613477
3_22_11_123,30.781329,-93.465246
3_22_11_32,30.638992,-93.152842
3_22_11_41,30.839438,-93.121494
3_22_19_10,30.345057,-93.194729
3_22_39_13,30.713198,-92.26221
3_22_39_16,30.886496,-92.321694
3_22_39_28,30.534386,-92.469702
3_22_3_16,30.587729,-92.71821
3_22_3_4,30.753785,-92.810598
3_22_3_43,30.539437,-92.675395
3_22_3_44,30.619256,-92.613675
3_22_3_45,30.707268,-92.974686
3_22_3_53,30.756604,-92.722191
3_22_3_8,30.63406,-92.952211
3_22_53_13,30.403618,-93.119734
3_22_53_15,30.403284,-92.966332
3_22_69_83,31.793996,-93.291862
3_22_79_51,31.014916,-92.520441
3_22_85_8,31.49593,-93.54874
4_22_103_68,30.443075,-89.745025
4_22_117_18,30.668632,-89.89972
4_22_117_2,30.886933,-90.294661
4_22_37_1,30.971632,-90.999658
4_22_63_26,30.446516,-90.851148
5_22_111_45,32.831258,-92.366376
5_22_127_60,31.886632,-92.380544
5_22_13_24,32.279153,-93.186381
5_22_13_6,32.275245,-93.296715
5_22_17_10,32.500977,-93.712369
5_22_17_19,32.328404,-93.708497
5_22_31_20,31.886929,-93.449195
5_22_49_39,32.238477,-92.728976
5_22_61_13,32.666223,-92.472721
5_22_81_26,32.213492,-93.224123
1_28_149_50,32.48438,-90.698792
1_28_27_56,34.18121,-90.680915
1_28_51_60,33.178043,-90.236741
3_28_101_29,32.403665,-88.992561
3_28_101_64,32.490243,-89.29911
3_28_121_19,32.314574,-90.133189
3_28_121_25,32.228652,-90.074285
3_28_127_15,31.989172,-89.732612
3_28_61_63,32.058543,-89.197433
3_28_69_42,32.880953,-88.697491
3_28_75_55,32.487766,-88.843545
3_28_75_7,32.27551,-88.789872
3_28_75_71,32.408543,-88.890287
3_28_75_76,32.229532,-88.485903
4_28_109_11,30.530665,-89.703278
4_28_109_20,30.687341,-89.428929
4_28_109_30,30.801531,-89.795704
4_28_109_37,30.596024,-89.686917
4_28_153_18,31.676962,-88.499768
4_28_153_51,31.717278,-88.637615
4_28_31_14,31.718077,-89.608565
4_28_35_24,30.994624,-89.254159
4_28_39_8,30.752425,-88.512834
4_28_45_13,30.228324,-89.506812
4_28_45_26,30.253072,-89.44017
4_28_45_33,30.382351,-89.635295
4_28_45_36,30.426941,-89.483815
4_28_45_54,30.292799,-89.39447
4_28_47_56,30.647536,-89.085546
4_28_47_63,30.384285,-89.185299
4_28_47_78,30.562638,-89.137868
4_28_59_17,30.569283,-88.589947
4_28_67_37,31.660876,-89.078417
4_28_67_42,31.780564,-89.080149
4_28_67_43,31.59615,-89.11234
4_28_67_71,31.724045,-89.215934
4_28_91_6,31.008555,-89.757227
4_28_91_8,31.210367,-89.795658
5_28_113_1,31.201307,-90.34943
5_28_113_25,31.26722,-90.485827
5_28_113_27,31.069096,-90.406277
5_28_113_28,31.071898,-90.357748
5_28_113_9,31.201896,-90.516685
5_28_157_27,31.111016,-91.522118
5_28_157_42,31.199545,-91.371936
5_28_1_49,31.438562,-91.276935
1_37_101_12,35.685744,-78.370135
3_37_169_26,36.497481,-80.197256
3_37_25_15,35.355287,-80.477505
3_37_7_21,35.030725,-80.069732
4_37_115_25,35.929196,-82.620329
4_37_115_41,35.84259,-82.566948
4_37_115_43,35.756271,-82.730465
4_37_193_81,36.142382,-81.127255
4_37_27_18,35.920422,-81.441206
4_37_99_37,35.253265,-83.086734
1_45_13_94,32.567022,-80.719701
1_45_29_110,32.687679,-80.788812
1_45_53_61,32.549972,-80.923235
1_45_75_168,33.429102,-80.388055
2_45_19_5,32.813835,-80.182157
2_45_25_120,34.611258,-80.305918
2_45_31_68,34.440861,-79.757256
2_45_43_141,33.526054,-79.294585
2_45_55_55,34.508336,-80.343565
3_45_21_45,35.098906,-81.788018
3_45_45_52,34.836399,-82.368746
3_45_59_18,34.736532,-82.108263
1_47_167_36,35.479057,-89.94406
1_47_183_42,36.387472,-88.892576
1_47_77_40,35.689071,-88.355552
3_47_159_23,36.344033,-86.00056
3_47_15_18,35.869275,-86.013926
3_47_15_21,35.870123,-85.907883
3_47_37_41,36.217984,-86.971327
3_47_41_20,36.041176,-85.68906
3_47_55_48,35.203376,-86.851479
4_47_115_39,35.262897,-85.638479
4_47_137_13,36.589587,-85.026529
4_47_141_26,36.123879,-85.78365
4_47_141_29,36.076274,-85.297703
4_47_175_10,35.644254,-85.365217
4_47_49_44,36.414585,-85.029643
5_47_107_31,35.564443,-84.627516
5_47_121_14,35.6064,-84.730181
5_47_145_37,35.939888,-84.453974
5_47_9_41,35.662863,-83.672257
1_51_133_19,37.90038,-76.376246
1_51_193_5,38.07051,-76.669675
1_51_93_34,36.681285,-76.877546
1_51_93_46,36.829939,-76.6729
1_51_97_9,37.870437,-77.087826
1_51_99_26,38.258178,-77.205497
2_51_141_26,36.665163,-80.415629
2_51_143_13,36.614936,-79.667384
2_51_143_38,36.664973,-79.51756
2_51_143_49,36.832418,-79.562008
2_51_145_22,37.458264,-78.125541
2_51_19_17,37.436518,-79.412819
2_51_19_77,37.38391,-79.442284
2_51_19_86,37.303143,-79.831287
2_51_37_64,37.018555,-78.513859
2_51_67_30,37.149999,-79.926952
2_51_67_64,37.075549,-79.801213
2_51_67_90,36.931515,-80.156585
3_51_109_90,38.059817,-77.817703
3_51_125_20,37.805482,-78.929795
3_51_125_27,37.752718,-78.887571
3_51_157_38,38.709295,-78.179408
3_51_179_7,38.268976,-77.358007
3_51_3_102,38.125206,-78.242038
3_51_3_66,37.895813,-78.719125
3_51_47_44,38.362236,-77.638947
3_51_59_9,38.803234,-77.35853
3_51_61_88,38.844752,-78.04297
3_51_9_26,37.751658,-79.120993
3_51_9_44,37.44171,-79.088743
3_51_9_49,37.590368,-79.193441000000007
4_51_139_15,38.693053,-78.4637
4_51_165_119,38.409714,-78.614552
4_51_165_175,38.578166,-79.068009
4_51_165_61,38.315098,-78.719324
4_51_69_42,39.066261,-78.301322
5_51_105_31,36.742418,-83.101733
5_51_155_22,36.977725,-80.5507
5_51_191_87,36.821851,-82.110685
5_51_197_30,36.890251,-80.989861
5_51_51_49,37.108347,-82.346306
2_24_33_1314,38.632689,-76.732788
1_39_131_5620,38.989908,-82.993719
2_39_127_13398,39.604859,-82.216821
2_39_73_4638,39.378446,-82.659223
3_39_59_5764,39.885843,-81.579003
3_39_67_3343,40.189637,-81.08443
4_39_153_7019,41.326728,-81.417526
5_42_59_1941,39.84653,-80.11864
8_42_107_2795,40.71837,-76.22762
3_54_39_140,38.237959,-81.595989
3_54_45_6,37.741708,-81.778973
4_54_103_2014,39.502371,-80.725793
4_54_103_2417,39.611964,-80.821224
4_54_79_23,38.422221,-81.960329
1_1_3_58,31.279889,-87.778588
2_1_119_63,32.688974,-88.049037
3_1_123_53,32.920489,-85.778603
3_1_47_9,32.4259,-86.838085
4_1_125_159,33.492289,-87.635886
1_12_1_98,29.498554,-82.397181
1_13_251_17,32.637985,-81.651299
1_13_251_35,32.686268,-81.430645
1_13_271_25,31.87924,-82.967544
1_13_51_103,31.771383,-81.086228
1_13_91_50,32.398948,-83.185337
2_13_155_16,31.647471,-83.217783
2_13_155_8,31.576663,-83.337587
2_13_27_22,30.781559,-83.528399
2_13_27_8,30.928654,-83.561992
2_13_93_47,32.251126,-83.797982
3_13_197_12,32.325202,-84.444464
3_13_23_9,32.48346,-83.314977
3_13_243_98,31.876118,-84.741646
3_13_245_28,33.320852,-81.923507
3_13_261_3,31.963673,-84.272211
3_13_301_26,33.34262,-82.681714
3_13_319_32,32.829534,-83.190213
4_13_121_28,34.090815,-84.377852
5_13_15_23,34.367922,-84.836671
2_22_109_60,29.453022,-90.725888
2_22_57_98,29.840875,-90.614685
2_22_77_24,30.668409,-91.707946
2_22_7_24,29.755225,-91.059515
2_22_93_5,30.144942,-90.656935
2_22_9_29,31.140545,-92.214019
3_22_115_102,30.927736,-92.93013
3_22_115_68,31.229635,-92.924168
3_22_11_12,30.495542,-93.224155
3_22_11_44,30.538547,-93.676136
3_22_11_53,30.49056,-93.373045
3_22_19_7,30.193054,-93.673064
3_22_39_1,30.797596,-92.319033
3_22_39_14,30.757618,-92.208633
3_22_39_17,30.795028,-92.473021
3_22_39_8,30.711359,-92.46178
3_22_3_13,30.626942,-92.669546
3_22_3_14,30.582534,-93.069594
3_22_3_21,30.706695,-92.765621
3_22_59_10,31.536992,-92.268541
3_22_79_122,30.974407,-92.309868
3_22_79_16,31.317174,-92.324108
3_22_79_33,31.408739,-92.828934
3_22_79_93,30.972632,-92.618522
3_22_85_11,31.322021,-93.585104
3_22_85_34,31.639609,-93.512043
4_22_103_55,30.494715,-90.005735
4_22_105_39,30.404769,-90.303218
4_22_105_51,30.539665,-90.55671
4_22_105_57,30.410755,-90.358724
4_22_33_11,30.66474,-91.103748
4_22_33_27,30.629657,-90.953642
4_22_33_6,30.450933,-91.007671
4_22_37_16,30.759915,-91.046506
4_22_37_22,30.839807,-91.062198
4_22_37_26,30.881632,-91.10888
4_22_37_5,30.875694,-91.143237
4_22_63_13,30.628807,-90.651248
4_22_63_14,30.542023,-90.851799
4_22_63_35,30.316678,-90.712282
4_22_63_40,30.451975,-90.704907
4_22_63_54,30.583383,-90.602671
5_22_111_23,32.669043,-92.378807
5_22_127_20,32.048796,-92.554905
5_22_127_32,31.84618,-92.878049
5_22_127_42,31.716301,-92.626256
5_22_15_98,32.638174,-93.713426
5_22_17_101,32.24321,-94.034359
5_22_17_41,32.932721,-93.872824
5_22_31_55,32.098314,-93.699538
5_22_73_49,32.667897,-92.014642
5_22_81_4,32.064539,-93.400816
1_45_29_52,32.844592,-80.781808
1_45_53_56,32.399269,-81.1405
1_45_5_30,32.887264,-81.304939
1_45_5_53,33.090055,-81.298229
2_45_15_59,33.144408,-80.04421
2_45_19_16,32.908331,-79.829373
2_45_67_71,34.199258,-79.416677
2_45_67_75,34.196256,-79.484512
2_51_143_26,36.622544,-79.590372
2_51_143_71,37.011515,-79.506863
2_51_19_30,37.305978,-79.724415
2_51_19_73,37.435268,-79.286889
2_51_31_14,37.113858,-78.982259
2_51_31_46,37.128653,-79.170851
2_51_37_46,37.10319,-78.548244
2_51_67_56,36.998015,-79.881466
2_51_89_25,36.634007,-79.916606
3_51_125_47,37.887504,-78.758867
3_51_125_6,37.679414,-78.913197
3_51_125_61,37.829686,-78.978559
3_51_125_62,37.851236,-78.904997
3_51_125_87,37.81623,-79.054376
3_51_3_86,38.034696,-78.528582
3_51_47_35,38.494013,-78.166891
3_51_61_17,38.917395,-78.030175
3_51_61_70,38.742304,-77.829898
3_51_75_27,37.685787,-78.079954
3_51_79_10,38.328294,-78.542635
3_51_9_39,37.621135,-79.393535
3_51_9_43,37.658923,-79.019781
4_51_15_1,38.293841,-79.044053
4_51_15_100,38.21358,-79.129295
4_51_15_126,38.210661,-78.945267
4_51_161_55,37.245107,-80.079694
4_51_163_55,37.610245,-79.546536
4_51_23_40,37.562335,-79.894272
4_51_43_13,39.010887,-78.004492
4_51_69_30,39.103173,-78.28612
4_51_69_52,39.192839,-78.42022
4_51_69_54,39.331807,-78.34126
5_51_105_40,36.701404,-83.332583
5_51_121_20,37.258989,-80.528637
5_51_173_43,36.858926,-81.543435
5_51_195_15,36.987402,-82.728363
5_51_195_72,37.08184,-82.539144
5_51_77_53,36.66382,-81.305458
1_12_109_84,29.718354,-81.301857
